No.	Text	Valence_Mean	Arousal_Mean	Valence_SD	Arousal_SD	Category
648	地點在市中心，出行方便，服務態度好。	6.375	4.625	0.696	1.317	hotel
1053	鄰居擔心情緒激動的曾某會有失控舉動，趕緊報警。	4.000	5.625	0.894	0.696	news
2124	蘋果負責軟體的高階副總裁CraigFederighi對此反駁說，蘋果希望能將產品儘可能的銷售給每一個人，蘋果的產品肯定不僅是奢侈品。	5.889	3.571	0.737	1.178	news
2757	今次法案委員會會議，有一個前所未見?奇怪現象，就係無論個會開成點，會議場內幾亂，都唔見有保安執行主持命令，驅趕議員離場。	3.667	5.625	0.471	0.857	news
1884	可共感的區域方案，積極排除美國重返亞洲所帶來的紛擾，提出屬於中日甚至東亞人民自己的解決方式，纔有可能從美國以重返亞洲之名的圍堵格局裏找到出路。	5.111	4.250	0.314	0.968	political
1482	臺灣選手在國際發光的時候，政府單位能正視電競產業，協助電競發展。	6.222	4.625	0.916	1.218	news
1141	WeatherGirls若是選在臺灣出道，不管實力如何，大家一樣只會批評，果然外國的月亮就是比較圓。	3.444	5.571	0.831	0.728	news
1690	抗議個屁~根本就像是小屁孩，不爽去搗亂而已~這不叫抗議~不叫反服貿~這叫....幼稚、無聊、閒閒沒事做我就是想笑~看到你們抗議變成貪吃鬼跟小偷和觀光客~我真心覺得~好笑~而且噁心~~不要拿服貿來當藉口去搗亂....回家吧你們!!!	2.000	6.000	0.943	1.414	political
2581	邪惡老鼠帝國不只將推出Disney+影音串流服務，現在又將取得另一串流服務Hulu的營運權，目前龍頭Netflix面臨的競爭壓力越來越大。	5.000	5.000	0.535	0.707	news
298	原廠導航..算了吧..小偷超愛的.	3.286	4.125	0.452	1.166	car
2084	SensorTower稱，這款騰訊研發的遊戲在上線之後不久，已經成為當下iOS平臺最賺錢的大逃殺型別遊戲。	6.375	4.000	0.484	2.108	news
662	我們忍了，但友情提醒以後來入住的旅客，對這裏的服務期望值不用太高。	3.250	5.625	0.968	1.576	hotel
2036	孩子難以改變的另一個重大原因，是社會環境的影響，成人的世界、父母和老師每天也都在滑來滑去，要孩子不滑，真的很難有說服力。	3.625	5.875	0.484	1.053	news
1305	原本氣焰高張的韓國隊，此時面如死灰，不敢相信自己居然被臺灣隊逼到角落。	5.333	5.571	1.155	0.904	news
2546	同時舉辦的抽獎活動獎品只有一個，就是由東寶監修的模擬哥吉拉夾克，質感十分接近電影裡的怪獸，無論是面板紋路或是背上的背鰭，還能發出哥吉拉叫聲，是難得的景品。	6.500	4.667	0.5	1.155	news
163	小侄女8歲了，很喜歡看書，就像我小時候一樣，所以我怎麼可能不滿足她的這個小小的又是這麼美好的願望呢！	6.333	6.143	1.054	0.639	book
2555	法官今於高等法院頒下判詞指二人行徑實屬橫蠻無理，目無法紀，諉過於人，故認為原有定罪絕對正確，駁回上訴並維持原判。	6.000	5.600	1.0	0.49	news
916	跑遊戲還是差了一點點。	3.667	4.167	0.471	0.687	laptop
2190	每次排計畫時總是很興奮，甚至花了很多時間排出完美計畫，但是反而因為排好了計畫，讓人更加抗拒，更不想做嗎？	4.333	3.143	1.106	2.03	news
1512	無論是對家人或朋友，張芸京總是習慣報喜不報憂，久而久之也變得不知如何表達，「大家都會看張芸京的外在，好像是很堅強的、感覺是打不倒的。	6.125	4.286	1.053	1.03	news
1058	她不否認PO美照及文章，某種程度也是滿足虛榮心，看到贊數不斷累積，代表曝光度越來越高時，很高興。	5.889	5.000	0.567	0.816	news
1668	臺北市議員童仲彥昨天在市政總質詢爆料指出，工信前董事長潘董（潘俊榮）曾送臺北市長郝龍斌太太及前北市文化局長李永萍鑽石，但遭郝龍斌當場反駁「絕無此事」並嗆聲「議員你有種就到外面講，放棄言論免責權到外面講。	3.375	6.667	0.484	0.816	political
255	許多下圍棋的人都會有一個困惑，那就是害怕對手的力量強，趴在戰鬥中吃虧，以及如何增強自己的戰鬥力。	5.444	4.625	0.497	0.857	book
229	呵呵~所以能她說媽媽給我買吧，我看了就很有靈感哦。	6.500	5.750	0.5	0.829	book
1212	事實上，除「朋友巧克」外，日本各大百貨公司的情人節「爸爸巧克」，近年來需求急速攀升，尤其是在三一一東北大地震後，人們更珍惜與親朋好友之間的情感，於是情人節致贈巧克力給父親、家人或朋友的習慣，也逐漸普遍化。	5.556	5.125	0.497	0.599	news
1330	如此，長期以來造成吳信達老師心理上的挫折與自卑。	3.000	5.143	0.0	1.125	news
722	"酒店環境很不錯，服務也很好。前臺的接待很親切，連每一個遇到的清潔工都會主動和你說""你好"""	7.000	4.444	0.0	1.641	hotel
1031	臺灣帶來榮耀，會不會有一堆官員跳出來錦上添花討好處，批評政府只會在選手於國際賽事奪冠時來沾光，當選手默默耕耘時卻是不聞不問	5.000	5.250	0.667	1.392	news
963	白色的，很漂亮，做工還可以	6.000	3.429	0.707	1.4	laptop
652	更可怕的是3日淩晨小偷竟兩次光顧我的房間，而且有鑰匙打開房門，幸虧我上了防盜鏈，沒有進來。	2.556	6.333	0.956	0.667	hotel
1009	開箱即發現USB口一個是壞的，觸摸板左鍵也是壞的，惠普的質量控制體系可以用垃圾來形容。	2.333	6.556	0.667	0.497	laptop
2843	其過程不僅重視學生品德，更建立起學生的健全人格，因此攀登玉山的山野教育也成為水商108新課綱的特色課程，是每一位來到水商學生的必修學分。	6.714	4.714	0.452	1.578	news
1032	潘毅鋒也指，各國接下來都會來沾光，韓國會說「TPA是我們培養出來的菁英」、香港人表示，「TOYZ你真是優秀的香港人」、中國人：「謝謝TPA讓中華臺北在世界上嶄露頭角。	4.889	4.889	1.197	1.197	news
1061	長榮航空總經理鄭傳義表示：「我們很高興民航局再次肯定了長榮航空過去一年的表現。	6.778	5.000	0.629	1.512	news
1503	戰略資源倒數計時，更讓人懷疑有人打PASS將資訊傳達給臺上比賽的選手。	4.000	5.429	0.471	0.495	news
2223	近一年來，Intel處理器缺貨問題嚴重影響了整個PC行業的發展，尤其是筆記本，市場需求旺盛卻得不到滿足，那是相當的憋屈，同時也給了AMD趁虛而入的良機。	4.556	4.556	0.685	1.707	news
1650	英國「經濟學人」雜志於日前刊出「馬英九：笨拙的總統」（Mathebumbler）一文引發熱議，在野人士不免趁勢冷嘲熱諷一番，但國家顏面受損，不見得人人高興得起來，就如民進黨前主席謝長廷18日所言，「我們不該高興，畢竟馬英九是我們的總統。	4.250	5.000	0.829	0.756	political
2158	這場事故，被視為人類史上最嚴重的一次核電事故，而關於這場事故發生的原因以及後來所導致的影響，爭議至今都尚未休止。	3.556	5.250	0.497	0.661	news
860	系統上網，看片相當好，可能是進行了優化。	6.000	5.000	0.471	1.323	laptop
433	如果高速撞擊下，可能我說可能哦，想証明，反對的，請自行測試)會讓車室中的人，比較不用承受，撞擊時的衝擊力道，也增加存活機率！	5.500	5.875	0.5	0.599	car
830	銀帆賓館歡迎您！	6.556	4.500	0.497	0.764	hotel
2727	實際上，人們更多關注於屁對於自身的健康影響，鮮有人關注屁對他人健康的影響，恰恰這種被人們所厭惡逃避的臭屁是對我們的健康有好處的。	5.857	3.750	0.35	1.299	news
2431	然而，在這提倡外向者比較吃香的社會，不管在學校或公司，內曏者無疑是容易被忽略的族群，如果你也有總被當隱形人煩惱，今天的文章將和你分享4種職場內曏者的生存法則。	5.375	3.444	0.484	1.832	news
2072	友好日期是一個新的Windows功能，微軟原本考慮在檔案資源管理器中用會話格式描述日期，使用更為簡單直觀的格式，例如一小時前，而不是建立或修改檔案的實際日期。	6.000	2.571	0.756	1.678	news
2047	今年稍有不同，因為穀歌幾乎肯定會在主題演講中釋出兩款新Pixel智慧機，恰好在典型的智慧機更新週期中增加一個更低成本的選項。	6.000	3.857	0.756	0.99	news
712	酒店、樓下餐廳、酒吧、日式料理都是科技大廈單獨承包出去的。	5.000	3.714	0.471	1.278	hotel
2427	菲軍方司令帕巴若週五表示，當天軍方在南部蘇祿省叢林與阿布沙耶夫武裝分子交火，被阿布沙耶夫扣為人質的荷蘭鳥類觀察員霍恩本欲趁亂逃走，結果被該武裝分子開槍打死。	2.667	5.750	0.471	1.299	news
31	喜歡關於大學講座類的書，只要看到，從來都是毫不猶豫的買了來看，好好品嚐知識和文化的大餐，可以學到很多東西。	6.444	5.111	0.497	0.875	book
1147	經濟部長施顏祥昨出席「中小企業經營問題巡迴列車」時也表示，臺灣遊戲產業已具有很高水準，政府會持續輔導動畫及遊戲行業，並協助企業開發更好軟體，進而攻佔世界市場，盼各界共同支持這項產業持續發展。	5.625	5.750	0.857	0.829	news
476	你可能會得到新人獎其實你說的沒錯不過這必須運用到你的智慧與眼光做出你的風格應該會有收入我有認識2種業務一樣100俱樂部一個能折就折連年終都折下去苦哈哈一個一台車都有辦法留2w笑哈哈2w那個長的很老實說話穩有內容不單只是賣車是假專業汽車顧問這是他的本錢不過事實它是個很會包裝的人~我發現上面有人說訊息月曆電話送禮蠻會談判還能留錢)不做徒勞無功事情ps不會買的客人)祝大家民國100邁向100	5.000	4.143	0.535	0.833	car
2759	由於收購瑞典汽車公司薩博失敗，導致在鄂爾多斯的造車槓桿落空，置換的煤炭資源懸停，最終使多方陷入同一僵局當中，而今這一僵局仍然難解。	3.667	3.333	0.471	1.333	news
1758	相對的，伊朗政府對黑格的提名抱持審慎歡迎的態度。	5.375	3.857	0.484	0.99	political
233	整本書由短小的有趣小故事組成。	5.625	3.286	0.484	0.452	book
1077	醉漢擋道，在車上多停留14分鐘，如果是心血管急症患者，超過6分鐘就可能腦死失救，痛批醉漢失序行徑。	3.000	6.167	0.707	0.687	news
2747	他上週前往東京宣傳時，在當地媒體的逼問下，承認其實拍攝過程中也是即興發揮，噴出了許多小孩不宜的臺詞，不過都不會收錄在電影裡。	4.125	5.000	1.053	1.414	news
2572	隨後聯想集團董事長兼執行長楊元慶又在2019年聯想供應商大會上發表了演講，他在隨後接受鳳凰網科技採訪時談到了最近對於聯想的抹黑和無端造謠。	4.571	3.333	0.495	0.943	news
349	大哥～～有空直接開過去吧.....明顯就是在拖時間～你確定你的維修更換沒時間限制？直接殺到他們營業所比較快～最好還是在他說高雄交車時！	3.571	5.571	0.495	0.495	car
35	這一年的春夏秋冬歡笑痛苦哀傷，五味陳雜生活就是這樣，慢慢流淌，遇到該遇到的人又各奔東西，留下無盡的懷念和記憶，美好而感動	5.667	4.667	1.247	0.816	book
339	大家的建議與分享的結論看起來沒啥問題，我想問題的解決因該不會有問題，或遺症。	5.286	3.556	0.452	1.257	car
1646	政策辯護的能力太差勁，也難怪一宣佈調漲油價、電費後民怨沸騰。	3.444	4.625	0.497	0.696	political
195	深刻的理解了祝勇的一些觀點，總的說來，祝勇對於他人的剖析有理性（對餘傑的批評有些過了），對問題的闡述比較客觀。	4.875	1.875	0.781	0.781	book
551	不錯，周圍很熱鬧	6.250	5.556	0.433	0.956	hotel
404	話說Camry、Teana、Accocd這種大型房車要搭17吋以上的車身比例比較好看，16吋以下有點頭重腳輕的感覺!要是我不會為了省油把18吋、17吋換成16、15吋輪圈!說真的買純汽油的大型房車不要把省油考慮在裡面，不然你會開的很痛苦坐在車室內很舒服，但是一直注意油耗，心理很痛苦XD)!因為計較那一公升差1~2km是沒什麼差別的!	4.222	5.875	0.629	0.927	car
243	奧列傘……一個消滅口吃的地方……一個渴望創造力的波希米亞集市……一場關於愛和理解的換位遊戲。	5.333	4.500	0.667	1.658	book
2887	平時怎麼吃都吃不胖，面色蒼白，手腳冰涼，即使在炎熱的夏天，手腳依然冰涼，常被身邊的人當成解暑的小冰人，還時常會便祕，腹痛。	4.000	3.400	0.0	1.114	news
1449	客委會黃主委表示，能與來自全臺的客家鄉親們一起紀念義民爺，他感到歡喜又榮幸。	6.250	5.875	0.661	0.781	news
556	"1、地理位置鬧中取靜2、如果在五角場附近辦事，交通還算方便缺點：1、房間內有濃重的煙味2、空調滴水剛好在樓下的玻璃鋼瓦上，晚上比較吵3、洗澡水“小水無力”，感覺更像是“跑、冒、滴、漏”的水龍頭3、早餐比較差既沒有""吃飽""的實實惠惠，也沒有""吃好""的豐富多彩)4、毛巾泛黃5、枕頭很尷尬兩個偏高、一個偏低)"	3.600	4.625	1.114	0.857	hotel
2406	那時候英國已經弄完了工業革命，可以生產很多產品，生產了很多東西，才發現還需要一個廣闊的市場，大清國顯然是一個理想之地。	5.889	2.143	0.994	1.552	news
144	我看得頭皮發麻，思想驚悚片不過如此，我在慶幸我們現在過的不是那種生活，不然，寧毋死可是，你要死，老大哥也要讓你愛上他覺得一切都是自己的錯的時候，才準你死這樣的生活，這樣的極權，太可怕了，不敢想像奧威爾是個天才，絕對的天才，我甚至錯覺，他根本就是個先知	5.500	6.143	1.658	0.99	book
141	熱愛生活，熱愛生命。	6.667	3.857	1.054	0.639	book
2063	哥吉拉、摩斯拉、拉頓與王者基多拉等超級物種，如今重新出現在地球，牠們都想爭奪至高地位，也人類陷入生死存亡的危機之中。	3.833	4.500	0.898	1.5	news
810	前臺服務太慢，前臺男生的態度極差，極差；電梯本來只有兩部，卻始終都有一個在維修，上下電梯，每層都停留，有時甚至等兩次才坐得上；房間衛生不好，地面好像不做清潔，衛生間不乾淨，毛巾好像抹布一樣，還有怪味；水杯都是塑膠的；打電話要吹風機和插座，竟然讓客人自己去前臺拿；淋浴噴頭漏水嚴重，打電話告知前臺，竟然派保安充當維修工上來房間察看。	1.625	7.125	0.484	1.452	hotel
1656	黃昆輝：唯有罷免馬英九才能救子孫！	3.556	6.286	1.165	0.7	political
1215	LINE臺灣官方11日緊急透過官方粉絲團澄清，建議使用者不要相信，指出「LINE官方從未跟任何一家公司或團體在該方面進行合作，並請留意勿洩露個人訊息。	4.750	5.222	0.829	0.786	news
1804	文章向美方喊話，指釣魚臺問題事關中國主權，美國必須充分認識到這一問題的高度敏感性，從地區和平穩定大局出發，謹言慎行，不要介入釣魚臺主權問題，不要做任何可能激化矛盾和令局勢更加複雜的事情。	5.000	6.000	0.707	1.0	political
2878	去年包正豪聽山友提到苗栗南莊向天湖有一架著名的陸軍觀測機殘骸，也順道憑弔罹難的觀測中隊副隊長劉傳集少校。	4.000	3.143	0.816	1.245	news
461	請問ALTIS10.5冷車啟動轉速2000RPM是否有問題新車時還不會第一次保養完有換自排油)就這樣了問計師又說正常但公司裡5台ALTIS都沒我這樣高開我朋友的冷車發動也才一千多引擎安靜不吵雜不像我的非常的大聲雜音很多我在想是不是常常高轉速熱車有傷到一點PS機油使用5W50原廠油發車必熱車不開快車10.9兩千轉維持幾秒鐘而已後面會慢慢的掉回一千出頭我的疑問是為何朋友的車不會這樣而我的會是否有辦法調整	3.429	5.429	0.495	1.05	car
2209	香港器官移植行動小組召集人周嘉歡表示，紀念公園是一個讓捐贈者安息的好地方，可讓受惠者拜祭捐贈者，亦讓捐贈者家人感受到至親遺愛人間得到社會的認可和重視。	7.000	4.875	0.816	1.536	news
650	早餐豐富，燙乾絲味道佳，娛樂設施比較齊全，桑拿浴比較豪華，據說在儀徵是最好的，價格也不貴。	6.556	5.143	0.497	0.639	hotel
1612	本次軍演是針對美國航母進入西海而實施，是與投入這一帶海域的美國航母編隊較勁。	5.778	5.333	0.786	1.106	political
1105	設在美國的對華援助協會發佈消息說，陳光誠美東時間11月30日夜間致電對華援助協會會長傅希秋牧師，對陳克貴遭判刑，表達極大的憤怒與譴責。	2.857	6.000	0.639	1.414	news
1114	大阪大學兼任講師井出草平表示，目前拒絕上學的大學生有8成以上在高中時期均正常到校；這些學生大部分均未參與社團活動，一開始就在交友上受挫，最後呈現孤立狀態。	3.571	3.714	0.728	0.7	news
2028	雪上加霜的是，貿易紛爭還會進一步影響記憶體廠商，部分臺灣記憶體公司準備將產地轉移到本土生產，但是時間有限，重組產能的過程並不順利。	3.857	2.833	0.833	0.687	news
2622	工業傷亡權益會總幹事陳錦康先生，因病醫治無效，於2019年5月5日晚上在瑪嘉烈醫院病逝，享年六十歲，主懷安息。	3.222	2.250	0.416	0.968	news
2804	但卻有一些無知的網民，在公眾都在為逝去的生命默哀、救援隊伍仍在日夜不停搜救的時候，在網路釋出一些侮辱性言論、虛假的資訊，造成了惡劣影響，使廣大網民強烈不滿。	2.625	6.143	1.111	0.639	news
459	車是新的，胎也是新的，真是嚇死了，還好後來買車的業務免費幫我換了一條。	5.500	6.125	1.323	0.927	car
2599	航拍機為我們帶來壯麗風景的畫面，但同時亦對飛行安全構成威脅，尤其是部份不守規矩的使用者，隨時會影響飛機和機場的運作。	3.667	3.625	0.471	0.857	news
2451	撒哈拉沙漠是世界上最大的沙漠，在高溫乾燥氣候下逾9,400,000平方公里面積幾乎都是荒漠，雖然可能不適合人們與動物居住，但它相當適合發展太陽能。	6.250	4.571	0.433	1.294	news
736	本人已在該酒店經歷了多次可怕的預訂過程，攜程的協調能力始終使客人深感失望	3.000	5.375	0.0	0.857	hotel
2129	最近我接觸的幾個活躍開源專案，都是西方人主導開發的，他們維護者似乎對UTF-16均有所誤解，或是懶得做全面的支援。	3.556	3.333	0.497	1.155	news
2609	本週一，印尼總統拍板決定將印尼首都遷離雅加達，避免印尼的政治經濟中心隨著雅加達地層下陷問題加劇，在2050年一起沉入大海。	4.500	4.500	0.5	1.5	news
1440	「ELVA」蕭亞軒與柯震東相差12歲的姊弟戀，至今交往半年，2人也常被狗仔拍到黏TT，連柯震東的爸爸也贊ELVA是「很棒的一個女生」，命理師詹惟中分析柯震東蛇年事業運旺，反觀感情運較不穩定；蕭亞軒若感情發生波折，要另找新歡也不難。	5.222	4.250	0.786	0.661	news
2942	前幾天在刷即刻的時候發現了一個GitHub上的專案，該專案名為learnxinyminutes，這個名稱就很簡明扼要——y分鐘學習xxx，一看就很牛。	6.286	5.714	0.881	0.452	news
2634	也就是說三星已經給自己下了最後通牒，要麼5月31日拿出該公司認為滿意的產品給使用者一個答覆，要麼就完全當作沒有預購這回事，一切交給時間來解決。	4.857	3.111	0.35	1.523	news
2649	陳婉玉由代表律師引導作供，說婚後多年遭丈夫暴力對待，丈夫2002年更有外遇，翌年離開她，她曾經要接受心理輔導，作供期間她多次哽咽。	3.000	5.571	0.0	1.498	news
1196	義大副領隊張哲欽表示，這次會面由創辦人林義守親自出馬，期待充分瞭解林益全想法，兩人闢室密談後很快達成共識，最後敲定這筆大型複數年合約，他說：「創辦人肯定益全的拚勁，還鼓勵他就從這次入選經典賽拚起，拿出最佳表現秀給國人看。	6.600	4.400	0.49	0.49	news
1726	習近平發表「準就職演說」，強調「打鐵還須自身硬」，承認黨內貪腐嚴峻，要下大力氣解決；對照由強硬任事的王岐山掌中紀委，常委排名往前靠，一場「肅貪風暴」可能就此掀開。	5.889	5.500	0.737	1.118	political
1627	中日兩國正處於劍拔弩張，隨時都可能擦槍走火，爆發衝突，甚至局部戰爭，蘇貞昌卻要率團訪日，令人不只好奇，更感不解。	3.571	6.000	0.495	0.756	political
1037	十八人沒有請領獎金的法律理由，屬不當得利，提民事訴訟追討。	4.222	4.444	0.786	1.257	news
579	缺點麼，就是隔音不是很好。	4.000	4.429	1.118	0.728	hotel
2910	有些國家為了種種顧慮，刻意予以淡化，荷蘭政府近日就被揪出對難民犯罪資料動手腳，引發軒然大波，司法部次長哈伯斯21日引咎請辭下臺。	3.500	5.778	0.5	1.227	news
2663	中國電信裝置商華為被美國總統川普視為國安威脅，讓華為的業務在海外處處碰壁，川普也呼籲盟國拒絕使用華為產品。	4.111	4.889	0.994	0.994	news
1752	這會使美國及其中東主要盟邦以色列之間的緊張關係更甚。	4.500	4.500	0.5	1.025	political
1171	電玩產業值得投資經營，但也有3成網友表示臺灣還沒準備好。	4.625	5.000	0.484	0.577	news
1960	謝春嬌痛批，北市府自己不去主動問內政部，把問題踢給別人，還騙同意戶說法務部沒回函，同意戶已經無法再次相信市府，她要求本週三以前就要給居民答案，否則將發起抗爭行動。	2.778	6.556	0.416	1.165	political
2070	36氪獲悉，共用住宿平臺木鳥短租今日宣佈已完成數千萬元B2輪融資，由華冠資本領投，老股東達晨創投、梅花創投跟投。	5.556	3.333	0.497	1.886	news
1823	我同意你浪費我們的社會資源嗎?	2.778	6.375	0.786	0.484	political
2243	據路透社報道，三星電子本週二表示，他們當前尚無法確認可摺疊手機GalaxyFold的具體出貨日期，並且就出貨延期向已經預定了這部裝置的美國消費者進行了道歉。	3.667	3.333	0.667	1.563	news
2369	前不久，知名爆料網站Slashleaks分享了一批小米手環4渲染圖，顯示其搭載了一款OLED彩色顯示屏，下方的小圓圈觸控按鍵不再凹陷，而是一體式。	5.500	4.667	0.5	1.826	news
1636	試想，當年新聞局官員郭冠英用筆名在網路上撰文，被公懲會認定「其言論顯與公務員身份不相宜，影響政府機關形象至巨」，就予以撤職處分；施文儀如今不斷惡意批評政府與政策，難道不應該處分嗎？此外，施文儀是凱達格蘭學校國策班第一期，是民進黨刻意栽培的對象，2008年之後馬政府繼續重用，足證國民黨用人不分藍綠，這固然值得肯定，不過類似施文儀這種人如今還有很多，他們對於政府政策，或是陽奉陰違，或是無形抵制，或是明譏暗諷，或是公開反對。	3.000	6.333	0.707	0.816	political
1686	學位的傲慢加上迷信文宣，這乃是馬政府失敗的關鍵，也是國民黨新北市、臺中市、臺北市三個天王博士長掛車尾的原因。	3.500	4.714	1.0	1.578	political
1596	然而因國營事業員工對績效獎金縮水反彈強烈，立法院上週也通過親民黨團要求政院將績效獎金發放覈演算法制化，未來只要政院提出覈算辦法，國營事業績效獎金就不需遵從立院決議的一.二個月上限，引來「績效獎金敗部復活」疑慮。	4.125	5.222	0.927	0.629	political
1033	相關新聞：史上最高金額「英雄聯盟」電玩賽「臺北暗殺星」奪冠！	6.714	6.375	0.881	1.218	news
591	小寶寶們準備了塑膠的餐具，很周到。	6.625	4.250	0.484	0.829	hotel
1871	她呼籲一月十三站出來，告訴無能政府，趕快召開「國是會議」。	3.889	4.571	0.737	1.294	political
768	希望攜程網有所改進。	5.000	5.625	0.667	1.111	hotel
1417	不過自曾政承於二○○一年拿下世界大賽冠軍以來，國內遲遲無法將電競比賽納入體育正式項目，老、中、青電競國手急盼政府儘速實行，憂心這波熱潮不知能被關心多久。	4.375	4.500	0.484	1.118	news
1666	陳致中強調，「從陳沖最近幾次的發言（包括不贊成不運動就是懶、四大基金虧損不改善他願負責等）讓我們看出他應該不是無感，他應該有理性的思維、獨立的判斷，也知道大多數民意的期待與想法，儘管內閣滿意度很低，但我在想如果他能夠獲得更多授權與施政空間，我相信他可以把工作做得好一點」。	4.375	4.556	0.484	1.257	political
1076	老翁家人說，還好後來送醫治療後已無礙，「幸好只是骨折，不是心臟疾病，否則後果不堪設想」。	5.889	3.857	0.875	1.125	news
1699	明明就是一個人才國家沒辦法利用他真的是國家的損失	3.667	4.500	0.471	1.5	political
590	服務也不錯，效率很高。	6.889	6.286	0.567	0.7	hotel
1832	王金平籲國企員工共體時艱對於中油、臺電等國營事業工會到立院抗議，立法院長王金平受訪時表示，國營事業績效獎金被刪，一定會有人覺得不公平，但立法院做這決定，也是經過長久討論，好不容易產生共識，盼員工們共體時艱。	5.500	4.000	1.025	1.195	political
1178	而若政府想協助遊戲產業的推動，網友「小豬Ted」則建議「先從減少代理韓國遊戲開始。	5.625	4.143	0.857	1.245	news
2943	多家科技巨擘承諾採取新行動，以剷除網路極端主義內容，不過，美國白宮今天表示不參與這項國際行動，但強調華府支援倡議目標。	4.800	4.167	0.4	0.687	news
2935	一名日本旅客日前來臺旅遊，與其他車輛擦撞，原本愁於無法應對，沒想到遇到英文流利的女員警實習生出面解圍，讓日籍旅客如釋重負，最後還合影留念，留下難忘回憶。	7.500	6.143	0.5	0.639	news
2360	白白白熊深層滋養皮革，另皮具持久如新~網易考拉目前拼購售價9.9元，近期入手好價，需要的值友可以關注下~	5.286	3.000	0.452	1.604	news
1622	天主教新竹移民及外勞服務中心主任、澳洲籍神父吳嘉德表示，今天是「國際移工日」，但臺灣的移工權益卻屢遭忽略。	3.333	5.250	0.471	0.661	political
162	佩服作者的奇思妙想...衷心希望心情總是不好的人們能夠笑對人生其實真沒什麼過不去的坎兒~	6.000	4.625	1.225	1.495	book
2719	火火的珊瑚缸裡最惹人厭的就是垃圾葵了，垃圾葵是鬼手葵屬的一類海葵，長得醜，增長速度還很可怕，被海缸養殖愛好者調侃為垃圾葵。	3.667	4.222	0.471	0.916	news
177	廖亦武是在一年多前歷盡艱辛逃離，後來在德國受到庇護。	4.667	5.143	0.816	0.833	book
81	對心理方面的書籍一直比較感興趣，有朋友推薦我看這本書，於是我就買了，覺得很不錯，裏面的內容很實際，讓我找到自己的人生中不好的模式，並在慢慢改正中，第一次看一口氣就看到了底，但是這樣雲裏霧裏的，後來又慢慢看了一遍，終於悟懂了，而且現在還推薦我的很多朋友都看，並堅信只要你相信，只要你願意去改變你自己，你很可能就可以改變命運！	7.000	5.625	0.894	0.696	book
373	請注意是定期運轉而非每日運轉，其實只要下雨天就必須開冷氣來除玻璃起霧就可以了，或是每週開一次冷氣，冷天開冷氣一樣會增加油耗，而且是脫褲子放屁多此一舉，先把空氣經過冷氣風箱把空氣變冷，再經過暖氣風箱把冷空氣加熱，吹出來是暖氣，所以除了因下雨需第一段把空氣變冷加除濕外，其他時候無須用壓縮機去做空氣變冷的動作。	4.125	5.286	0.927	0.881	car
614	服務生很周到，攜程和酒店的合作應該很好，有水果送，又可以免費洗燙2件衣服，而且速度很快，我們去的時候有人開會，估計佔了很多房間，沒有相應的房間了，酒店免費給我們升級，入住商務房。	7.000	5.556	0.707	1.165	hotel
559	希望下次入住時您能感受到我們的改進!我們期待您的再次光臨!祝心情舒暢	6.444	3.500	0.685	0.764	hotel
1342	男友不滿女友要分手，趁談判的時候，拿刀挾持女友，並把跟女子一起去的朋友趕到門外，朋友報警，還聽到女子在屋內不斷喊叫，警方趕到現場敲門，男友在租屋處縱火，現場還發出巨大爆炸聲響，男女活活被燒死在屋內，雙方家人都不敢相信男子這麼殘忍，警方初步瞭解，死者雙方在女子工作的髮廊認識，男友常常暴力毆打女友，最終沒談成分手，引發悲劇。	3.143	5.375	0.639	1.495	news
679	也許他們似乎有足夠的理由.	4.750	2.600	0.829	0.8	hotel
861	是眼睛太累了，朋友給我見證了一下是晃的厲害這樣太傷眼睛了，其實去年剛出的時候我買了一臺用起來很好	4.333	4.500	1.414	0.707	laptop
732	還算舒服，早餐口味也不錯。	7.000	3.286	0.0	1.03	hotel
1051	22歲曾姓男子不滿女友提出分手要求，深夜跑到女友家要求複合遭拒，激烈爭吵驚動鄰居，向警方報案；不料曾某不但和警方發生推擠，甚至用手電筒敲打員警的頭，吃上妨害公務官司。	3.111	5.286	0.875	0.7	news
560	商務間，說是給攜程的年終優惠，意外地滿意。	7.000	6.375	0.667	0.696	hotel
280	改正錯誤，從現在做起。	5.375	4.000	0.696	0.926	book
2812	在南京地鐵上，一名中年男子給老人讓座後，特看不慣身邊一個沒讓座的小夥子，甚至以蹺二郎腿腳尖對著我為理由，踹了小夥子一腳。	3.556	5.125	0.497	1.053	news
2252	我，36歲，駕齡3年，4w公里朋友A，35歲，駕齡6年，15w公里A約我五一出去旅遊，正好我老婆帶孩子還在老家休哺乳假，於是我就答應了。	5.429	2.714	0.495	1.578	news
2583	Uber週四保守設定IPO的發行價在每股45美元，估值為824億美元，以因應近來美股大跌，和競爭對手Lyft上市後股價低迷的前車之鑑。	4.556	4.000	1.066	1.414	news
2073	4月30日公佈的網商銀行年報顯示，2018年，該銀行的淨利潤為6.7億元，在目前所有已公佈年報或財報的銀行中，利潤幾乎墊底。	3.500	3.000	0.707	1.414	news
2862	以前我也曾和他們一樣，深陷親子關係的泥沼中，用盡所有的本事和資源，仍沈溺在無助中，有時絕望到想乾脆死掉算了。	1.857	7.667	0.833	0.943	news
1588	根據朝野協商的結論，油電糖水等四家國營事業一百年度經營績效獎金，發放不得超過一.二個月；自一○一年度開始，國營事業有盈餘者，始得發放績效獎金，但不得超過一.二個月。	5.125	4.125	0.331	0.927	political
1783	針對經濟學人的批評，總統府強調，國內外政經局勢變化頗大，執政團隊將持續檢討，馬總統對於目前的成果也不滿意，執政團隊會上緊發條、積極改進、全力以赴，希望能早日帶領臺灣走出低谷，也盼全民能秉持信心和政府一起突破困境。	5.667	4.500	1.054	1.118	political
2490	被英國首相文翠珊辭退的前國防大臣韋廉信，再次否認洩露國家安全委員會會議的機密資料，指自己是受到政治迫害。	3.500	5.500	0.5	1.658	news
90	相信日後身體所呈現出來健康與否，就是此書所作的貢獻，也是作者的貢獻，希望更多的朋友都幸福安康！	6.000	5.286	0.816	0.7	book
2888	這是個老社群，上年紀的老人比較多，我想盡量講得通俗易懂，既要講清楚國家大政方針，也要貼近社群日常生活。	5.889	3.200	0.737	1.939	news
259	很多時候作父母的並不會想想孩子是否願意？於是孩子只能被動享受灌輸。	3.667	4.286	0.667	0.7	book
2679	事發在今日早上9點半，一名竊賊鎖定公寓先按電鈴確認住戶不在家，再爬陽臺闖入行竊，當時懷有身孕的住戶跟姊姊在房間沒有應門，聽到怪	3.625	4.000	1.111	1.069	news
2157	曾經高呼為夢想而窒息的樂視網創始人賈躍亭，自2017年7月赴美造車至今一去悠悠，如今卻快要讓26萬股民集體窒息了。	3.125	4.857	0.781	0.99	news
1288	玩家不僅能直接在現場體驗「最後一戰4」，而購買遊戲及限量主機者，可獲贈Halo4背包、多功能瑞士刀與數位下載卡等首購品。	6.125	4.625	0.781	1.495	news
331	光是那隻開關就不太便宜了，一個壓縮機破萬是正常的!不用擔心買到車王	5.000	5.444	0.707	1.165	car
234	因此不受連續性的限制，你想什麼時候讀都可以。	5.222	4.000	0.416	1.0	book
46	愛情說到底也不外乎人情，一個連自己都不愛的人又怎麼能去愛人呢？靳辰和蕭志皓，也是身處娛樂圈，纔會讓人對他們同性戀的身份不那麼計較，寬容也是需要環境的。	5.750	4.750	0.829	1.09	book
1778	今早起來看到新聞，政院已經淨空雖說鬆了口氣，但還是很難過身邊的朋友一個個著了魔，紛紛把頭像換成黑畫面並說「民主已死」、「我們正在失去」我想這幾天還是別介入好，甚麼也都別說看到驅離後的情況，心裡又沉重起來民主並沒有死，我們沒有失去國家，只是被暴民傷害破壞就算員警完成驅離，我還是高興不起來並讓外人看了一場鬧劇笑話這就是大家要的嗎?	3.000	6.333	0.471	0.745	political
318	樓主我只開過一次ToyataAltis我完全無法認同其造車理念整個軟角到不行如前面有人說它是一台無趣的車對許多人來說它充其量就是一台有鐵殼的移動工具但如果這是你的人生的第一台車長輩有出錢那就乖乖的買Altis...保值好養慢慢開練練開車技術努力賺錢以後直接換更好更安全的進口車在台灣只有進口車有國外公開抽測的撞擊測試報告國產車都沒有開Altis有鐵殼包著遮風避雨至少比騎車安全多了	4.625	4.875	0.992	1.053	car
1179	有了足夠的玩家數，才能開發出好遊戲；有了鼓勵電競的環境，才能發展出世界級的遊戲產業。	6.714	5.500	0.452	0.707	news
2018	談錢傷感情，在日常生活中，大多數人避免談論金錢，對你來說關於金錢問題是否也抱著負面、甚至是逃避的心態？	4.000	3.286	0.0	1.485	news
2025	近日，IntelCEO司睿博接受國內媒體採訪時談及此事表示，原因是在這個市場當中看不到Intel爾可以贏利的機會。	3.667	2.900	0.816	1.513	news
2835	布拉德在香港表示，聯儲局需要謹慎行事，以維持美國經濟增長，貨幣政策任何調整都將是針對經濟資料作出回應，而不是利率正常化的延續，又預計政策評估不會出現根本變化。	5.143	4.000	0.35	2.16	news
2681	從積極佈局進軍中國市場，到轉以內容授權形式間接在當地提供服務，Netflix的中國發展之路可說是走得相當艱辛。	4.500	2.500	0.5	0.764	news
694	你們網站只維護酒店的利益就不管客戶的感受嗎?	2.875	6.750	0.331	0.829	hotel
1160	我們的電玩迷做出的正確決定，希望明年你們看到我們的最新產品時能夠同意這個說法。	5.778	3.000	0.916	0.0	news
1925	外交部表示，災區7日又遭挾帶強風及雨雪的冷氣團襲擊，各地積雪達數吋到1呎多不等，災情雪上加霜，美國聯邦及地方政府已積極展開救災及復原工作。	4.000	5.000	1.633	0.926	political
355	其中矛盾大家都懂....有錢大家都買雙B了，誰要國產?	4.125	6.125	0.927	0.599	car
1329	很難相信，吳信達助理教授說，他過去曾經是「不被看好的孩子」；就如同時下一般年輕人，他從小到大就愛玩，無所事事，生活茫然；成績當然不好，從來就不是學校重點栽培學生。	4.700	5.200	1.269	0.748	news
412	照片很難嗎跑一段定速或下坡隨便都二三十油耗市區油耗13多是根本連踩都沒踩吧還是超扯的九二無鉛這樣好了樓主來打個賭我跟朋友上臺北去油錢我們出依你前面多次油耗文章路面來開如果市區高速平均破13多我們馬上包一萬紅包如果沒有只要上本版說明真相就好休旅車載人還有市區我真的很想親眼看看是怎樣厲害的駕駛方式九二無鉛油耗13多不是不相信我們願意花錢親眼看	3.889	5.875	0.737	1.166	car
1640	國內酒駕肇事頻傳，馬英九總統昨與道路安全、反酒駕團體座談時撂重話，要求警方只要攔檢酒駕者超過酒測標準，就要立刻移送，讓酒駕者最多失去廿四小時自由，「現在就可以做」。	4.333	5.143	1.155	0.99	political
1976	年慰金議題也是，民進黨立委管碧玲去年十月十五日總質詢時拋出年慰金問題，適逢勞保爆發財務危機，立即遭各界抨擊是不公不義。	3.000	4.500	0.0	1.323	political
1300	《英雄聯盟》美國官方討論區玩家發起投票，「你希望哪支隊伍贏得冠軍？」，最後有79.6%的玩家力挺TPA，「願正直的臺灣人獲得勝利。	6.375	4.857	0.992	1.125	news
883	電池容量高達56Wh，續航能力強，可使用3～4小時，電池芯是韓國的，控制晶片是三星的。	5.286	5.625	0.881	1.218	laptop
791	最可怕的是沖澡3分鐘後淋浴龍頭停水，2分鐘以後浴缸龍頭也完全停水.	2.889	4.857	0.567	0.99	hotel
1711	歐巴馬BarackObama)以303票獲得連任，擊敗得到206票的羅姆尼。	5.250	4.143	0.433	0.833	political
2963	駐紐約辦事處長徐儷文美東時間22日見證州眾議會通過友臺決議，州參議員史塔維斯基與州眾議員金兌錫、牛毓琳、布朗斯汀向徐儷文致贈褒揚狀。	6.375	3.571	0.484	1.05	news
2921	英媒週一報道，美國未有向加國透露孟晚舟案的計劃，加上華府對加拿大要求協助改善中加關係態度模稜兩可，結果令到加拿大忍無可忍，甚至可能暫停和美國的主要合作。	3.556	3.714	0.497	0.7	news
1130	臺灣有最勤奮的人民，人民有最善良的心，相信只要大家互相扶持、互相鼓勵、互相包容，沒有衝不破的難關。	6.667	6.222	0.471	0.786	news
158	後來她出的每一期都買了回來，用四葉草的包書紙包好，這次這一套買了是給朋友的，。	5.667	3.250	0.471	0.829	book
848	用過好幾款上網本，鍵盤算是上網本當中最舒服的了。	6.333	5.333	0.667	1.106	laptop
2403	此次展會吸引了EMS、中通、圓通、申通、韻達、百世、德邦、蘇寧等中國主要快遞公司，阿裡雲、優博訊、尖叫智慧外骨骼機器人等頂尖科技企業參展。	5.625	2.625	0.484	1.798	news
356	似乎很多人開車整天怕車禍。	4.100	4.000	0.831	0.926	car
2801	一名4月大的男嬰，18日被父親送到醫院救治，但院方發現，男嬰身上、四肢有許多新舊瘀傷，加上頭部嚴重受創，懷疑男童遭受虐待，於是立即通報！	3.000	6.778	0.667	0.629	news
1220	經過搜查，防治所人員查扣剛宰、已被肢解的十二隻完整狗屍，並從冰箱起出約八隻冷凍狗肉，合計重達一百七十多公斤，並在散發惡臭的倉庫內起出三大袋約四百三十五支狗鞭及數量龐大曬乾的睪丸，防治人員研判，如果加上母狗在內，這家屠宰場恐怕殺了千隻以上的狗。	2.857	6.000	0.99	0.707	news
1067	值得一提，今年排名大躍進，創歷年新高，與知名航空公司如芬蘭航空、紐西蘭航空、國泰航空、阿酋航空以及阿提哈德航空齊名，自二○○三年以來，長榮航空已連續九年進入全球十大最安全的航空公司。	7.444	5.750	0.497	0.968	news
1784	國內網友也對此事熱烈議論，有人說，馬笨到獲得「國際認證」，也是臺灣之光；還有人譏諷，馬終於找到他的「歷史定位」了；另有人挖苦，經濟學人洩漏臺灣的國家機密；還有人反問，把經濟學人「買下來」不就結了？馬曾是萬人迷今光環盡失經濟學人在專文的副題中點出︰曾是萬人迷的馬英九，現在已經喪失光環。	3.111	5.333	0.314	0.471	political
1548	受此刺激影響，大陸股市昨非但未受波及，軍工上市企業反倒應聲上揚，一路領漲。	5.000	5.167	0.0	0.687	news
477	整天想護衛隊也不知道是無聊然後幻想的還是怎樣?	3.625	4.889	0.484	1.197	car
927	手機系統內部若有加密功能，勢必要加以設定，可保護個人資料不至遺失或遭竊。	5.125	3.000	0.599	0.0	laptop
346	你要說FIT超控好嘛就是跟yaris一樣好	5.375	3.625	0.484	1.409	car
2501	百度的工程師在冬天看到一隻躲在自己車底下避寒的流浪貓後，決定與志願者組織合作，建立了一個具有AI加持的流浪貓庇護所。	7.000	5.429	0.0	1.4	news
547	如果要我給該酒店評分，我給它0分，他們的服務給客戶的好感全被結帳時愚蠢的舉動所抹殺.	1.889	7.250	0.994	1.392	hotel
1816	太多台灣支持死刑的人以己度人，因此很難理解為甚麼全世界有這麼多人反對死刑。	4.111	4.500	0.875	1.323	political
2851	資深藝人馬如龍上月才歡慶80歲大壽，豈料18日22歲的外孫黃博鈞就因為車禍意外身亡，不僅白髮人送黑髮人令人悲慟不已，也讓馬如龍原本的肺腺癌病情加重。	2.600	4.286	0.49	1.829	news
2140	上網就能找到各式各樣選擇，甚至業者還會根據你的搜尋軌跡不斷推播廣告給你，個人的喜好偏愛隨著科技發展，將無所遁形。	4.667	5.333	0.943	0.471	news
2919	立委黃昭順位在高雄左營的服務處，昨天晚間遭多名男子闖入，揚言要找在服務處上班的志工談判債務糾紛，結果因為對方沒有出現，眾人就在門口叫囂，嚇得附近民眾連忙報警。	3.556	5.900	0.685	2.071	news
2075	套件中包括了鍵盤、滑鼠、麥克風、耳機/支架、滑鼠墊、甚至PS4遊戲手柄，以充分滿足你對於外設外觀的一致性追求。	5.875	4.250	0.781	1.639	news
2587	賭王四太樑安琪向來與仔女感情深厚，公務繁忙的她早前與仔女影親子寫真賀母親節，其中大女何超盈更專程由美國回港慶祝，還趁機宣佈佗B女，認真雙喜臨門！	6.429	5.571	0.904	1.761	news
1768	其實這次的事件我覺得應該好好坐下來談談馬總統要展現高度氣度，不然我實在受不了大家都罵馬總統娘孬笨無能這次是好機會。	3.429	4.857	0.904	1.355	political
2042	校方迴應，推出定製版手機是應家長要求，購買定製手機需學生和家長一致同意，學校不參與任何收費，也不強制購買。	5.125	3.778	0.331	2.096	news
795	“美林閣”餐廳在上海挺有名氣，特地去品嚐了一下，的確不錯，憑房卡還可以打8.8折。	7.000	5.778	0.0	0.786	hotel
2791	不過公司裡大多數是女性員工的話，別以為辦公室溫度無關緊要，一項新研究發現，只要溫度升高一點，女性的生產力可能會提高。	5.857	4.000	0.35	0.816	news
2534	戒邪淫網-戒邪淫論壇-戒色戒淫戒邪淫挽救一批，深陷手淫毒害而不能自拔的年輕人1、淫海無邊各位，萬惡淫為首，百善孝為先!	6.286	4.875	1.03	2.666	news
1131	馬總統指出，今年跟往年一樣，他在年前陪媽媽去傳統市場買菜，每年這個時刻，看到菜市場攤販，在寒冬中用冰冷的水洗菜洗魚、整理年貨，心中都會有一種感動，每一個父母，每一個孩子，在準備年菜的時候，一定會想到自己最親愛的家人，都希望把最好的菜，最溫暖的關懷，奉獻給家人。	6.875	5.000	0.331	0.816	news
1165	從韓國手上拿走冠軍證明臺灣實力隊長MiSTakE接受記者訪問時表示，奪得冠軍最大的意義不在於愛國情操，而是能從韓國政府投下大量資源培植電競運動的電競大國隊伍手上拿到冠軍，證明臺灣選手自己的實力。	6.625	5.000	0.484	1.414	news
367	雞肋沒錯啊但有時有好過沒有有時遇到就是要用就知道他好用，至少RAV4遇到那種狀況你連第三排好不好坐都不用討論了而且樓主已經說他們一家四口了不曉得第三排好不好坐有啥討論的必要	4.000	5.667	0.943	0.471	car
2706	高雄鼓山區一家設計公司收到一個詭異包裹，不過馮姓負責人開啟竟發生爆炸，造成他全身60%的2度燒燙傷命，還在加護病房治療中。	2.889	6.250	0.737	1.199	news
527	不要輕易的挑戰它的極限！	4.500	5.571	0.5	1.178	car
325	如果我是你我仍然會選擇現在你這樣的生活不關有多少艱難的時刻但都以溫馨的語言描述過去生活就好像澳洲的海洋和陽光美好而燦爛有安東尼蚊子的陪伴漫長的時光也不再難熬我有2本1本自己的一本送給遠在日本的男朋友希望他在是失望難過傷心的時候看看安東尼的字在這個世界上有很多像他們一樣的孩子有安東尼有我陪?	6.250	3.833	0.968	0.898	car
944	網購有風險，下手應謹慎，確實比賣場便宜些，套用客服對我說的話：先生，通俗的講您運氣太差了。	3.625	5.375	0.484	0.696	laptop
2571	新竹縣一名55歲男子，曾持刀刺傷父親也曾放火燒屋，他這個月6日不滿父親拒喝湯，竟然把熱湯潑在父親身上，再動手痛毆父親，造成老父2根肋骨斷裂住院。	1.875	6.875	0.781	1.615	news
1720	之後，歐巴馬感謝了他的競選團隊，「你們是史上最棒的，有些人從4年前參與競選，你們在這一刻創造歷史。	6.875	6.000	0.781	1.118	political
1634	其中，審慎義務就包含公務員批評機關、政策或表示不同意見時，必須謹慎。	4.778	4.286	0.416	0.881	political
1337	連發投注站不是第一次開出刮刮樂頭獎，二○一○年九月二日，一名四十多歲中年男子，刮中「皇傢俱樂部」刮刮樂頭獎五百萬元；今年元旦，一對熱戀中的情侶刮中「聖誕嘉年華」刮刮樂頭獎五百萬元；才隔四十一天，大年初二又刮出頭獎三百萬元，讓店家爆紅。	6.333	5.778	0.816	0.916	news
1125	孩子一生的自我意象和思維定式，是樂觀、自信、富有想想和氣概，還是消極、自卑或得過且過、自暴自棄。	5.000	3.833	0.0	1.213	news
2227	為了緩解壓力，Intel推出了22nm的B365晶片組規格的主機板，即把H270改成支援8、9代酷睿處理器，同時支援Win7系統的使用。	5.375	3.000	0.484	1.633	news
956	是正品行貨，我花了8元選了圓通快遞，效率非常的高，從下單到收貨只用了一天，感覺很不錯，聽說系統很難裝就花了50大洋找人裝的，現在用起來感覺很不錯，速度飛快，還是完美屏的，發票	7.000	5.000	0.0	0.926	laptop
1433	所以Apple與HTC長遠來看，要立於不敗，不是只看到當前Samsung對其造成的威脅，Apple迴歸Apple致勝的關鍵，HTC也必需找出自己的核心價值，很清楚的這不是商戰的競爭而已，而是企業能否永續的關鍵點。	4.889	4.857	0.737	0.99	news
2220	2019年1-3月銷量減少，4月以後的訂單情況也十分嚴峻，面臨這種局面的企業經營者紛紛對前景持慎重態度。	4.000	4.125	0.0	0.927	news
2027	在即將開始的篇章中，我們會分享參與新視野號的工作是怎樣的一種經驗，畢竟這是人類太空探險史上最為人所熟知的一次計畫。	6.375	5.250	0.484	1.199	news
2308	動物形象的主人公反抗蠻橫上司等搞笑風格十分突出，相關人士認為，人們對工作方式相關問題的意識迅速增強，以喜聞樂見的方式描述實際情況的漫畫受到關注。	6.333	4.800	0.471	0.748	news
612	以前有國外朋友來上海，一直比較推薦鑽石，他們也比較滿意。	6.333	5.625	0.667	0.484	hotel
583	當然好的地方也是有的，自助餐還不錯，內容比較豐富，味道也不錯，特別是那個什麼蝦。	6.444	5.000	0.685	0.816	hotel
1499	TPA的驚奇之旅將在此止步，但TPA又打破全世界的眼鏡，後來居上逆轉擊敗M5。	5.625	4.857	0.696	1.125	news
352	很多車主抱怨新車怠速抖動嚴重----冷車時更嚴重。	3.250	5.667	1.09	1.054	car
2145	最近一次弄了一個真實度99%的大叔鬍渣下巴，一付有血有肉的紅潤面板色澤，嘴巴掰開來有牙齒牙齦，丟幾枚硬幣進去…天呀原來是零錢包是要嚇死誰…。	5.000	5.667	0.577	0.745	news
2570	AWS的T3a例項提供了支援突發的效能需求的設計，適用於持續輸送量需求較低的工作負載，但會遇到臨時的使用高峰的使用場景。	5.667	2.000	0.745	1.528	news
238	我寧願相信，至少，心裏會有很多美好的感覺。	6.000	4.667	0.0	1.155	book
310	但想瞭解的是，車商倒底什麼樣牛肉呢？17吋圈：佛心來的：給到330mm交差了事：只給303mm兩者對制動力有何影響，請爬文，不在此贅述！	4.625	5.167	0.484	0.687	car
1109	培養航空棒球隊的付出，縣府會儘速確定接任人選，讓球隊持續運作。	6.000	5.286	0.667	0.7	news
1665	這個糾纏不休的議題創造理性解決、符合最佳利益的歷史契機」。	6.250	3.875	0.661	1.691	political
1769	花果山的猴子們有個特點，就是有被害妄想症為什麼呢幻想著核四會爆炸幻想著會有火山爆發，幻想著阿共會打，幻想著國民黨蓋台，幻想著會走山.	3.625	5.750	0.857	1.199	political
1730	值得注意的是，在新任七名常委中，除領頭的習近平與李克強外，其餘五人王岐山六十四歲，餘下四人皆六十五歲以上，意味五年後的中共十九大，這五人皆將退休，一口氣將補上五名新常委。	4.875	4.429	0.331	0.904	political
360	馬2長3.9米，也才1039，上一代國產SWIFT頂級版也只有1045，還有其他我就懶得找了，認真說來yaris重量算中間範圍..另外..得了吧!還什麼對號入座	3.889	6.000	1.1	1.069	car
132	和日本語的版本相比，翻譯後的文筆平淡如水，情節發展如同夏日中的找吃的狗----無精打采。	3.778	4.000	0.786	0.756	book
93	讓他練習手工的同時還有很多樂趣，超喜歡。	6.667	4.600	0.471	0.49	book
1101	陳翁表示，每當夜深人靜，見2個孫子入睡，不禁潸然淚下，但「怨嘆沒有用，還是要堅強，不然孫子怎麼辦？」他說，每天光想要吃飽、睡好都很困難，只能不斷自我催眠「要堅強」，把孫子當成精神寄託，好好扶養2人長大成人。	5.125	5.714	1.364	1.385	news
2690	上了年紀身體變差，為了增加便利性，過去民眾都會購買昂貴的輔助器材來使用，但如果買到不合用的，卻又沒辦法退錢，只能再買過。	3.556	3.889	0.497	1.449	news
1607	就在美國國防部長帕內達訪問中國時，美國高調宣佈加強在日本的軍事部署力度，就是試圖給中國施加壓力，遏制中國的強硬反應。	5.700	4.833	0.9	0.687	political
445	總之.....再次謝謝大家	5.778	3.625	0.916	0.857	car
2279	而行動裝置原廠所配備的耳機不論是有線或是無線，其音質往往是普通而已，而且對於隔絕環境噪音的能力也不夠理想。	4.222	2.250	0.416	0.829	news
1980	我反對死刑的原因很簡單：噁爛的屍髮體系會有誤判或惡意判決。	3.556	6.333	1.165	1.155	political
2710	海關人員昨日在屯門內河船碼頭驗貨場檢查一個從內地抵港、報稱載有廚房用具的40呎貨櫃時，在208個藏有懷疑私煙的紙箱，並與180箱廚房用具混雜於貨櫃內。	3.800	5.000	0.4	0.632	news
1994	自己執政時下的重大決定一下臺就否定?	3.500	5.375	0.5	0.992	political
2586	獸醫現在已經採用了這種方法的一種新形式，將嚴重燒傷的羅威納犬從死亡邊緣拉回，他們希望這一結果將為其他被燒傷的動物帶來新的和改進的治療方法。	6.625	5.125	0.484	0.599	news
1302	人給予的壓力過大，TPA在第一場比賽中，被AZF的「死亡頌唱者」卡爾瑟斯完全壓制；第2場比賽，TPA穩住陣腳，「以彼之道，還施彼身」，也使用卡爾瑟斯扳回一城。	5.556	4.000	1.066	1.118	news
1742	這種方式當你們攻擊的另一方已經忍無可忍的時候我擔心你們會死無葬身之地.	2.875	6.500	0.781	0.5	political
202	好久沒看到，如此精彩的書了。	7.556	6.857	0.956	0.35	book
2400	我高度重視中泰關係發展，願同你一道努力，繼續弘揚中泰傳統友誼，深化共建一帶一路合作，推動兩國全面戰略合作夥伴關係取得更大進展。	6.667	5.286	0.471	1.161	news
2461	他在一次訪問中透露，給老婆做飯的好處是，不管做什麼，她都說好吃，而自稱吃東西很刁的劉詩詩也盛讚老公手藝真的很好，顯然兩人很享受廚房裡的夫妻生活。	6.625	3.875	0.857	1.536	news
1982	支援FACE的，應先推動終身監禁不得假釋配套再提FACE。	4.444	5.556	0.497	0.831	political
646	搞不懂怎麼做服務行業的？由於自己的工作失誤，給客人帶來不便，好象是應該的，還很理直氣壯。	3.000	7.111	0.667	0.567	hotel
1382	正義妹事後到醫院縫合3針，受傷的她不忘回頭安慰被害人，饒婦感謝她的義助，送上紅包及水果，一度被婉拒，直到表明要給她壓驚、去厄運，對方纔收下。	6.000	4.500	1.491	0.764	news
1296	戰術運用得當與適當的英雄角色，終於獲勝。	6.000	5.333	0.707	0.471	news
1739	我建議警方要注意點就算學匪在怎麼無理攻擊學匪的老娘也是無辜的.	4.000	5.000	0.866	0.816	political
809	的聲音，經過仔細觀察，是底殼和板子邊緣產生的，稍微處理一下接觸部位解決。	5.125	4.125	0.331	0.927	hotel
1395	大火伴隨濃煙，像魔爪揪住一家10口，感情好的一家人，即使女兒大多出嫁，還是常常回家陪伴父母，幫忙自家早餐店生意，還會在孃家小住。	5.222	4.000	0.916	1.309	news
1434	王心淩去年傳出介入姚元浩與隋棠的戀情後，灑淚否認自己是第三者，今年王心淩與姚元浩重燃愛火，坦承戀愛中。	4.429	4.857	0.728	0.99	news
2201	據外媒報道稱，高通和華為正在談判專利和解事宜，而此事已經得到了高通方面的證實，雖然目前不清楚雙方和解的進度，但有內部訊息人士透露，已經到了談判最後階段。	5.333	3.000	0.471	1.528	news
2871	高雄市一名黃姓女子在懷孕2個月後，進入一間公司擔任計畫部專員，沒想到期間突然早產，導致得剖腹生產，女兒在出生後沒多久就夭折。	2.333	5.250	0.471	0.433	news
1560	反對針對婦女暴力全國委員會統計，1998年至2010年，印尼發生4845起強姦案。	2.571	4.714	0.495	0.881	news
119	我家女兒5歲，比較喜歡科普圖書，這套書目前是她比較喜歡的圖書，每天都要和我一起來分享各種有趣的知識，現在在看生物篇，對其中的鯨特別有興趣。	6.333	4.000	0.943	0.577	book
204	開始對穿越文，古代文有了濃厚的興趣。	6.333	4.429	0.816	1.178	book
2667	六四事件30週年，親歷者還原天安門廣場上的歷史真相；美國偏遠地區人口流失，學校被迫關門；另外，饒舌歌手克裡斯·布朗逃避和起訴人對證，被指蔑視司法。	3.286	5.429	0.452	1.4	news
2256	北京時間5月30日訊息，自從2003年人類基因首次被繪製以來，科學家一直試圖尋找導致自閉症的特定基因。	5.333	3.300	0.471	1.952	news
2903	臺南郭綜合醫院婦產部林大欽表示，海扶刀治療方式是把從體外發射的高強度超音波，通過聚焦直接投射到體內病灶，導致病灶細胞損傷、壞死，達到治療效果。	6.000	4.625	0.775	0.696	news
788	不足之處是沒有健身房。	3.000	3.714	0.0	0.7	hotel
2579	而之後又到了去年8月，與高通達成和解，除了和解前已經支付的27.3億元不記之外，之後高通就不用再繳納罰金。	5.875	2.750	0.599	1.714	news
2702	許多人有睡眠的問題，會求助藥物幫助睡眠，美國食品藥物管理局強制3種鎮靜安眠藥，附上風險警告，安眠藥是安全的嗎？	4.111	4.200	0.567	1.72	news
2440	當然有人說是因為動保意識擴張；但也有人說近年因為都市種植草地，不經意帶來外來種蚯蚓，所以導致黑冠麻鷺的擴張。	4.571	3.667	0.495	1.155	news
1333	榮獲「化學發明獎章」，吳信達助理教授覺得很開心，他說，這是一個珍貴的榮耀。	7.222	6.500	1.03	0.5	news
851	整機顯得做工很精緻，外觀也很漂亮。	6.500	5.286	0.5	0.881	laptop
972	標配2G內存和120G硬盤，內置DVD刻錄機，搭載NV9400獨立顯卡，滿足日常需要沒有任何問題！	6.100	4.500	0.831	0.707	laptop
1144	陳揆：沉迷電玩很傷眼陳揆表示，年輕時玩過打網球、足球的電玩，電玩當產業看，很適合東方人，把文化歷史融入軟體設計，對玩家可刺激末梢神經、瞬間狀況的反應，但呼籲不要太沉迷，「電玩對眼睛不是很友善的遊戲」。	5.889	4.556	0.875	0.956	news
1231	請女方不要一廂情願覺得沒有關係、賭說沒這麼剛好，盲目地相信男性那張嘴說會負什麼責任，有多愛妳；不然，就乖乖等到有經濟能力了，生活較能照顧自己與新生命了，讓懷孕從「無法預期」變得「可預期」，才能避免面臨接踵而來的社會、經濟與家庭壓力。	3.750	6.500	0.829	0.764	news
1062	航空公司不僅僅是賣機票而已，而是要讓旅客感動並留下一段美好的回憶。	6.889	5.167	0.875	0.898	news
2377	根據資料，俗稱牛皮癬的銀屑病，是一種由免疫系統失調而引發的慢性面板炎症，本港現時約有2至3萬名患者，平均每300人中便有1人患	4.143	3.333	0.639	0.943	news
950	音響的聲音一般，但音量是足夠的。	5.556	4.714	0.685	1.03	laptop
2266	雖然亞馬遜預設的臺幣匯兌價格並不好，但它電子書的定價卻非常誘人——就算是加上刷卡手續費，都還比在國內通路便宜。	6.429	5.375	0.495	1.798	news
2173	新時代的供應鏈不只需要充足電力，還必須是符合環境標準的綠電；然而綠電不包含核電，在美國環境保護局的定義中，核能算是傳統能源的一個分類。	5.000	3.143	0.0	1.641	news
1787	專文中指出，臺灣人的生活不但沒有改善，薪資還倒退十年。	3.000	5.667	0.0	0.471	political
2552	由助產士照顧低風險產婦，產科醫師處理緊急、複雜的孕產狀況，是國際間視為理想的分工與照護方式，但在臺灣，助產學罕為人知，也常被視為落伍。	3.500	4.100	0.5	0.943	news
955	玩WoW的設置多調試幾次，可以開到不錯的水準並保持流暢（全屏1366x768哦）。	6.250	5.875	0.433	0.781	laptop
1151	所謂的禮貌指的是語言的表達讓人覺得舒服，它不但可以增加日常生活的愉快，還可以減少人與人的摩擦和暴力，如果一個人有禮貌，會激發旁人樂於助人的天性；反之，若一點家教也沒有，講起話來像是在命令人、無視於人，就會讓人感覺霸道、難以親近，人際關係當然會不好，當一個人的人際關係不好，做任何事情都不會順利。	5.143	3.875	0.35	0.781	news
2265	來自印度電信管理局的資料顯示，印度平均每GB流量的單價為10.52盧比，約合人民幣1.05元，他情不自禁直呼太便宜了。	6.556	6.222	0.497	1.315	news
886	外觀漂亮，系統不是很難弄，剛開始看了很多評價說難弄，實際上沒那麼困難，將boot選項第一選項選從DVD起動，其它就直接安裝了。	6.000	4.667	0.0	1.247	laptop
2680	再加上大家對伊莉莎白歐森ElizabethOlsen的身材讚譽有加，大膽的穿著風格的確吸引人的目光，據說永遠都不穿內衣的？	5.625	5.375	0.484	1.111	news
1002	真心希望聯想集團把一些代理了，售後等要嚴格把關控制好別在影響聲譽，否則消費者傾向於其他品牌了！	4.222	5.875	1.133	0.781	laptop
545	真是可笑，入住該酒店結帳時要多付一袋開心果的費用，他們點不清自己的物品數量，出了差錯，埋單的竟是消費者.	2.444	6.000	0.497	0.707	hotel
194	許多人一生都在忙碌尋找自己的幸福，卻忽略了在身邊的幸福!有人想尋找童年，有人想遺忘童年，無論那種情況，你都可以在失落園裏找到那種感覺，在我每次難過的時候，我都會拿出這本書來安慰下自己!在裏面能得到心靈的寧靜，我推薦這本書也是希望所有和失樂園一樣的朋友，能尋找開心，遺忘痛苦，請相信黑暗的背後一定會有光!	6.250	5.667	0.829	0.745	book
980	聯想這款黑色L3000是最漂亮的，散熱不錯，鍵盤手感很好，插口位置合理。	6.444	5.222	0.497	0.786	laptop
1883	對抗日本右傾政權，迫其承認釣島爭議，階段性軍力對峙本無可避免，只是今日中國的國際處境並未比過往局勢更糟，沒有道理非得走上戰爭一途才行。	4.444	4.143	0.497	1.125	political
859	總體感覺很好，建議不進行大型遊戲和影響編輯的購買。	5.667	3.750	0.471	1.09	laptop
1118	網站紛紛發文，表示心中有股淡淡的哀傷。	3.333	5.429	0.816	0.495	news
156	但是，始終都能感受到她們的愛是如此真實。	5.429	5.000	0.904	1.0	book
2014	人一生約花1/3的時間在睡眠，倘若躺在床上卻輾轉難眠，看著窗外天色慢慢變亮，真的有一種無語問蒼天之感！	4.000	3.833	0.756	1.344	news
2107	Lilium原型機不但能像直升機一樣垂直起降，也可用於水準飛行，最高時速300公里，航程可達300公里...是不是有奇點已到的感覺？	6.100	4.111	0.831	2.025	news
139	珍惜我們還有這些可愛的朋友，如果看了＜寂靜的春天＞，你一定會感嘆錯過了永遠的失去了，鳥兒。	4.250	4.286	1.09	1.278	book
1057	常在臉書上發佈美照的網友小魚說，希望大家不只能注意到自己的照片，也能注意到文章。	4.889	4.444	0.567	1.165	news
274	我看這本書覺得情節不錯，很好的寫出了祈然對冰依的愛，尤其是冰依死去的那一刻，我覺得有點感傷。	4.125	6.111	1.269	0.737	book
2821	zl01263軍用級矽膠皮面料，零重力新型合金架，電動帶USB~天貓此款待6月1日前300名到手價1699元包郵，直降好價，需要的值友可關注~	5.714	3.286	0.452	1.906	news
481	國外之前就作過測試了找一堆自認為反應一流、技術不錯的一般駕駛人來開結果ESPOFF的情況就是打滑失控.....ESPON則好很多我發現01版上神人很多，老是嗆別人不會開車自己最會開我在想這究竟是自我感覺良好或是自我安慰?	3.333	5.750	0.471	0.829	car
2653	不是貿易爭端，而是科技誰領導的爭端，但是也沒有用戰爭解決未來誰是領袖的可能，因為兩個國家軍事力量不允許。	4.333	4.444	0.471	1.343	news
5	對於整個購書過程我很滿意。	7.000	3.429	1.0	1.05	book
1606	但是中國並沒有被美國的幾句聲明所嚇倒，反而果斷的採取取了強硬反制措施，這使得美國開始逐步考慮透過加強軍事部署的手段來震懾中國。	4.125	4.375	1.269	0.696	political
2355	很多人會喜歡大吃一頓來紓解壓力，而且越吃高熱量的食物才會覺得越紓壓，然後因為這樣讓身體吃進過多的熱量，不知不覺之間就讓體重就往上增加。	3.571	4.500	0.495	1.118	news
277	一拿到《好媽媽勝過好老師》就欲罷不能，好書啊！	6.667	5.571	0.816	0.904	book
1917	關於南北韓關係，他表示：「我不會僅僅支持某一方，將會正視雙方的長處和短處。	5.333	4.750	0.471	0.829	political
1445	身分證明文件來臺，王鬱琦才承諾要「一週內」研議抵制辦法。	4.000	4.000	0.943	0.926	news
456	以前不也有很多車，發生失速、火燒車狀況，所以在一味強調安全時，難到動力或機電品質就無需安全檢視，當然啦~暴衝一詞，T牌也是無可推託。	3.750	5.429	0.829	1.178	car
2709	喬媽生前長達7年時間看不到女兒一面，因此在臉書開設專頁，一字一句寫下思念女兒的心情，如今她的學生也在網路上曝光喬媽的真實模樣，讓不少人紅了眼眶。	3.889	4.333	1.449	1.414	news
1216	對此，熟知網路詐騙手法的網友也製作了關係圖提醒，表示網友透過臉書按贊、轉貼再留下詐騙業者最難取得的LINE個人帳號，將可讓不法業者輕易獲得使用者的信箱、居住地、職業、電話號碼等個人資料，透過這些資料還可以進一步轉售，導致受騙者未來收到的垃圾簡訊、垃圾信件機率大幅提升。	4.222	4.250	0.916	1.561	news
2578	英國名廚JamieOliver的餐飲集團兩年前就出現經營問題，但一直苦撐下來，最終還是因找不到買家宣佈破產收場。	3.125	4.714	0.927	1.161	news
1623	在美國已觸犯人口販運法令，但劉姍姍在臺灣卻被判無罪，而臺灣的《人口販運防治法》公佈至今，由於認定條件嚴格因此沒有1位法官引用該法定罪，更讓臺灣的人口販運防治政策沉淪	3.800	4.857	0.872	1.125	political
2344	京東到手價137元包郵，買一送一，超值好價，高品質經久耐用線材，MFI認證之選，有需求的值友一定不要錯過。	6.000	4.111	0.667	2.025	news
1049	奧斯卡獎提名揭曉後，李安在最佳導演獎的聲勢不斷攀高，先是在北卡羅來納影評人協會獎贏得最佳導演，隨後又在倫敦影評人協會獎再奪下年度最佳導演，聲勢水漲船高。	6.333	5.875	1.155	0.599	news
1480	臺灣電子競技聯盟TeSL)於2008年1月正式成立，由上櫃遊戲廠商華義國際、遊戲橘子等業者共同集資設立。	5.286	2.250	0.452	1.714	news
249	英諾森提的插畫還有個突出的特點就是角度的多變，你如同在看電影，每幅視角都不同，增加了生動和真實性。	5.700	3.857	0.9	0.833	book
239	韓琳是一名優秀的軍人，非常積極上進、且獨立的女性。	7.125	4.778	0.331	1.133	book
267	一年前一個很好的朋友發了我一本電子檔的，沒有看下去，這次在當當上買了之後，用了兩天看完。	5.700	3.875	0.9	1.166	book
28	張競生先生的愛情觀開國人之先河，在情海愛河中自由的遨遊真是不亦快哉！	6.375	6.000	0.484	0.0	book
811	還好，酒店的應急方案不錯，並送了一份水果致歉，最好告訴我說是新來員工擺烏龍，這個理由有點勉強。	4.222	5.000	1.03	0.816	hotel
997	ThinkPad基因之一機器雖然有點重，但是感覺很紮實，比某些“娛樂本”紮實很多。	6.111	4.286	0.994	1.161	laptop
431	有些小毛病之完因為小弟之前在驗車場打工過大部份的2.2的車EGR;廢氣在尋環;引擎燈會亮這都很容易壞也糟糕!原場報價2棵小飛碟要10張小朋友XD反正技師建議還是不要換好了其他應該沒什麼大問題了請問小弟最近想自己更換發電機皮帶請問好換嗎?	4.100	4.143	0.943	0.99	car
2177	基隆市1位邵姓男子昨晚與妻子、友人聚餐之後，表示想獨自一人散步，便讓妻子先行返家，但邵男隨後卻被路人發現倒臥停車場內。	3.556	3.500	0.685	1.118	news
2467	5月23日臺灣總統蔡英文打破她在公開場合不見中國民運人士的顧忌，高調、高規格接見來自中國的多位民運人士。	5.750	4.714	0.968	1.578	news
414	同學你說話好激動充滿了驚嘆號比我還像被撞的受害者哦我也強調我寧願相信我也沒針對臺本也許是日本本田本身決定不需要內鐵的有正當理由的COSTDOWN是很合理的)為什麼沒有後內鐵..這問題就留給日本本田去回答吧還有~這裡是牛頭版討論太多H的車子有點喧賓奪主了版友們單純把這案例當成笑話笑笑就好了嘛	4.875	5.571	1.053	1.178	car
786	5號樓在最裏面，應該是房間最好的。	5.500	4.250	0.5	1.09	hotel
1324	平日非常疼愛方小弟的校長在致詞哽咽地說，「我們大人對不起你，沒給你一個安全的環境，讓你來不及長大，希望你在天上當個無憂無慮的小天使，從此遠離危險，永遠快樂。	2.875	6.143	0.599	1.125	news
1677	他並另在臉書上說「攤很多，電話更多，無法一一迴應，特此說明：阿童問政有所本，不受威脅！	5.444	5.750	0.956	0.661	political
2564	石禮謙向內會主席李慧瓊報告，自己無法再主持逃犯條例法案委員會，向內會尋求新指示，不過民主派首先質疑石禮謙去信內會的合法性。	4.500	4.000	0.5	2.449	news
2841	在三腳督對戰情形下，之前民調始終領先的高雄市長韓國瑜的支援度竟輸給臺北市長柯文哲，兩人呈現旗鼓相當態勢。	5.000	4.889	0.0	1.523	news
2732	有些人因為接受不了臭味敬而遠之，從來不嘗試這些食物；也會有人因為愛吃這些食物覺得它們散發的味道都是令人垂涎欲滴的。	5.000	3.444	0.0	1.641	news
1998	這種人還當英雄看?	3.250	6.375	0.661	0.992	political
2048	育嬰假與性別和東西文化差異無關，實務上最關鍵的仍是工作分擔問題，而要解決其實不是難事，只要同仁能誠心一起討論、思考、尋找人選，很快能有解方。	6.375	3.500	0.484	1.857	news
2230	智慧機市場已經陷入了殘酷的攝像頭大戰，除了拼命提升主攝的規格，廠家們還在攝像頭的數量和位置排布上做足了文章。	5.000	3.500	0.707	1.323	news
2214	最近每當覺得路上孩紙可愛時才終於意識自己好像老了這件事，不過比起生出可愛孩子的爸媽，如夢倒是比較羨慕擁有這些多才爸媽的孩子。	6.000	4.143	0.943	1.245	news
1979	熟悉本帥的吱吱和藍軍都知道，我反對死刑。	4.750	5.250	0.661	0.968	political
1511	而現在的她樂在工作中，會耐心等待理想的另一半出現。	6.667	3.667	0.471	1.106	news
487	有錢為什麼要買Camry?	4.444	5.571	0.831	1.498	car
2777	雖然IEEE的限制沒有像美國企業斷絕往來的影響來得即時，然而這也會對華為在科研發展上的步伐帶來打擊，尤其是AI方面的發展。	3.667	3.800	0.471	1.536	news
525	瞭解到它是一部主動安全缺乏的機器！	3.625	6.167	1.111	0.898	car
63	迫不及待地打開來欣賞，果然是期望中的繁體版，更加興奮。	6.625	6.667	0.857	0.943	book
2603	不過，陳沒注意到女子的男友在旁，也沒注意到有熱心路人早已發現他在偷拍，被害女子的男友與路人隨即上前攔阻。	4.400	5.429	1.2	0.904	news
1796	這樣亂扯你媽知道不會很難過嗎?	3.000	5.714	0.5	0.7	political
2721	一款神奇的泡騰片——德國進口Domol馬桶自動清潔抑菌去汙片，馬桶吃了它，立刻變得乾乾淨淨，連打的嗝都是香的！	6.333	5.300	0.943	2.571	news
1063	但是，沒有飛航安全就沒有服務品質，旅客只有在安心的環境下，才能體驗我們不斷創新，物超所值的服務品質。	6.222	5.000	0.916	0.926	news
68	以前一直不喜歡喝水，雖然同學都說喝水對身體有好處。	4.556	4.778	0.956	1.133	book
2420	海巡署6名官兵前天在整理資源回收物時，發現多隻老鼠，一群人不但抓著無法逃跑的幼鼠把玩，更讓老鼠淋上汽油後點火焚燒，才在旁邊狂笑取樂，影片	2.714	5.857	0.452	0.639	news
540	優點是地理位置不錯，朝南的房間可以看富春江，可惜給我的所謂高級房是朝北的，怪不得人家說攜程的客人比較受歧視。	3.333	4.625	0.471	1.409	hotel
83	我說這就是犯賤，這就是得不到了才更加愛。	3.125	6.750	0.331	0.968	book
2210	這次聯手是繼3月底浙江吉利控股集團和戴姆勒集團成立合資公司，聯合運營和推動smart品牌轉型後不久兩大汽車集團的又一次深化合作。	6.143	3.143	0.833	0.99	news
2061	進入5月報稅季，各家銀行刷卡繳稅優惠紛紛出籠，筆者整理了2019年度各家銀行信用卡刷綜合所得稅的優惠活動懶人包。	5.857	5.143	0.639	1.355	news
149	寫的有多好看呢，唉，真是個“用心良苦”的作者吧，貼滿了大量我們中國人錯誤的英語圖片，笑沒被笑死，丟臉死了。	3.375	6.250	0.484	0.661	book
1967	此外，北韓的將領、軍官和士兵以及老百姓們，從大年初一就開始，前往各地所設的「金日成和金正日父子」的銅像前，和大型壁畫前拜祭，以表最高的敬意。	5.500	5.250	0.5	0.661	political
2780	而今天評測的主角魅族16Xs情況也非常類似，這款用上了三攝的魅族新品，如官方預熱中反覆出現的平衡一詞所言，是在前代產品的基礎上做了一次總和不變的加減法。	4.714	3.143	0.452	1.959	news
849	wifi配合我的tp-link841n實現300m速度，很棒！	6.625	6.167	1.111	0.373	laptop
1378	由於江家經濟困窘，由嘉義地院員工所發起的十方慈善基金，也決定先撥款三萬元協助江家處理喪葬事宜，解燃眉之需。	5.571	5.571	0.904	1.678	news
2568	也未考慮到每個既得利益的權力高位都有50%機會變成真空狀態，搶奪權力和資源的行為根本不會因為有半數人被殺而停止，搞不好還會更會加劇。	2.667	5.571	0.471	1.917	news
2624	小學時未手淫前在班裡經常是數一數二的成績，儘管學習很努力但就是因為萬惡的手淫，導致腦力大衰，記憶力理解力思考能力極大下降，讓我最終只上了一所大專。	3.000	4.625	0.535	1.111	news
1192	12年國教須提早分流，小學畢業就讓對學術沒興趣的孩子學習技藝。	5.000	5.000	1.0	0.866	news
2205	英國當紅的重量級拳王喬雪2日大爆冷門，在紐約麥迪遜花園廣場被美國拳手小路易茲擊敗，而且是難堪的TKO。	4.000	5.889	0.0	2.025	news
1546	中共總參謀部日前頒發《二○一三年全軍軍事訓練指示》，要求全軍與武警部隊加強實戰化訓練，做好打仗準備，提高打仗能力。	5.500	5.375	0.5	1.576	news
1689	如果說抗議就是拍照打卡上傳~如果說抗議就是吃光人家的東西~如果說抗議就是偷行政院的錢如果說抗議就是把行政院當成自己家，也當成觀光區那....回家好嗎?	3.333	6.286	0.471	0.452	political
2381	近日，在百慕大粉紅沙灘和綠松石潮汐之下，科學家發現來自地球地幔過渡帶深處的一個富含水、晶體和融化岩石的層可以滲透到地表形成火山。	5.400	3.429	0.49	1.178	news
353	很多車主抱怨冷氣空調有很重的酸臭味---新車時卻時有很嚴重.	3.000	4.875	0.667	0.781	car
1466	父親被活活燒死，他說很懊悔，「如果可以，我願代替爸爸承受被火焚身的痛苦」，林嫌正住院治療，警方將等他出院，再依殺人、公共危險等罪嫌究辦。	2.875	5.250	0.331	0.968	news
2733	這件事讓他覺得備受打擊，也逐漸影響了他跟同事間的合作品質，一個部份他覺得自己被其他人誤解了，另一個部份也認為同事都只會在背後說他的壞話而不願正面告知他。	3.333	5.375	0.471	0.857	news
647	請大家還是遠離的好！	3.625	4.429	0.696	0.904	hotel
440	難道台灣人的命不值錢嗎?	2.750	7.250	0.433	0.433	car
2280	雖然自己仍在中共政權強力維穩的恐懼中，但已做好『站出來』的準備，『中共大限已至』，相關言論引發各界關注。	4.444	4.625	0.956	0.484	news
2708	桃園市一名雷姓高職生，14日與女性友人合拍影片，卻在影片中將小貓高高舉起狂甩，嚇得小貓不停發出哀號聲。	2.143	5.000	0.833	1.155	news
1681	幾乎所有的調查都看衰藍營的縣市長，據說國民黨已打算推出「形象改善計畫」。	4.556	3.667	1.066	1.106	political
2172	因為即使是陰暗的情緒，也希望能得到愛，希望自己的存在能被看見、被得知，更希望自己想要傳達的訊息能被理解。	6.000	5.714	1.414	1.666	news
593	以本人愚見，這個飯店實在是沒什麼值得稱道的地方，甚至想找一處放置手提電腦的地方都很困難！	2.889	5.778	0.737	0.916	hotel
539	煙灰...等等)你母親就一定會要求將椅套拿去送洗在洗的期間，可以跟母親說:沒椅套也蠻整體性	5.444	4.500	0.831	0.5	car
1475	總統希望，在這1年中最特別的時刻，每一個家庭，都有溫暖的團聚；讓親人的愛和溫暖，帶來最深的祝福。	6.750	4.833	0.968	0.898	news
2449	氣象局今早也針對中南部9縣市發布大雨特報，預估這波雨勢要下4天，下週二鋒面逐漸減弱，然仍有午後雷陣雨。	4.778	3.111	0.629	1.595	news
581	我住的是標間，可能其它房間會好一點。	4.500	4.500	0.5	1.225	hotel
744	店的公路旁，交通極其不便；其次一進入酒店就一股黴味，地毯上到處都是汙漬，很像地圖.	3.375	4.333	0.484	1.106	hotel
2407	此次暌違一年，再次出發的孟子坤出人意料地一改往日深情路線，變身不羈嘻哈BOY，帶領聽眾感受孟氏嘻哈與眾不同的超燃魅力。	6.000	4.111	0.0	1.663	news
1471	願臺灣產業升級，經濟振興，人人有工作，家家都歡喜；願社會和諧安定，大家相互關懷，互助合作；願全民充滿朝氣，相互激勵，迎向新挑戰，開創新世紀。	6.750	5.571	0.829	0.495	news
1008	一點不足的是鍵盤不是很滿意，如果用慣了ThinkPad，尤其不適應，不常用Notebook的可能就不會太在意了，比某些國產的品牌還是稍好的.	4.500	4.571	1.025	0.495	laptop
2368	據英國廣播公司當地時間2日報道，當天，英國的多家報紙都援引威廉姆斯的話說，他是仇殺和袋鼠法庭的受害者。	3.000	5.000	0.894	1.528	news
2549	他們知道自己喜歡什麼，也知道自己喜歡誰；他們以非常快的速度做決定，並會確實執行——且隨著年紀增長，他們對此也將越來越熟練。	6.000	3.778	0.0	2.149	news
1199	電玩遊戲《英雄聯盟》總冠軍賽昨天在美國洛杉磯開打，臺灣代表隊ＴＰＡ贏得世界大賽冠軍。	6.333	5.400	1.054	0.49	news
2828	這些個案以港人在內地遭受拆遷，無理強拆，為了守護家園，被屈煽惑、尋尋釁滋事罪或襲擊罪，在拘留時面對酷刑，屈打成招，脅迫家人。	2.875	6.125	0.331	0.781	news
1012	聲卡驅動最好在官網下載安裝，否則有可能不能錄音！	4.889	4.833	0.737	0.687	laptop
1712	歐巴馬在芝加哥的競選總部擠滿支持者，所有人無不歡聲雷動。	6.444	6.250	0.831	0.829	political
1803	題痛批，直言美參議院的不智之舉將助長日本右翼勢力氣焰，甚至讓其做出戰略誤判；而日本右翼政客一直幻想和美國捆綁在一起	3.429	6.143	0.495	0.833	political
1788	更糟的是，政策經常轉彎，遇反對或批評就擋不住，顯示他的寡斷。	3.333	4.857	0.471	0.639	political
1481	華義國際營運長熊家麒表示，遊戲產業在臺灣非主流，社會的價值觀普遍對遊戲產業抱持負面看法，讓電競產業發展得很辛苦。	3.889	4.833	0.737	0.898	news
52	這種記錄難免空洞，虛構也顯得薄弱。	4.000	3.500	0.816	0.764	book
847	螢幕很靚，很好看，電池很耐用，可以維持六小時，基本滿足外出需求	6.125	4.750	0.781	1.199	laptop
2741	斯特拉赫承認做錯，行為愚蠢及不負責任，但並無違法，反駁自己是受害者，被政治暗殺，澄清自由黨並未收到這名女子的任何金錢支援。	4.000	3.556	0.0	1.066	news
2944	毛澤東至死都是一口難懂的湖南土話，鄧小平也是一口稍稍好懂一點的四川方言，他們都不會說普通話，有什麼資格當黨和國家領導人呢？	4.000	4.667	0.943	1.764	news
2	看盡世間無限遺憾，只因愛情如此脆弱。	3.250	4.143	0.433	0.99	book
1744	他表示，民進黨對中國政策應該要多點智慧，以政治家的宏觀角度提出訴求，不必去強調臺灣要脫離中國。	5.000	5.333	0.816	0.745	political
2941	高雄一名50歲的蘇先生說他長年感覺牙齦腫痛，原本以為只是火氣大，直到齒牙動搖只能吃軟飯，甚至連最愛的滷肉飯都只能用吞的。	3.556	3.556	0.497	1.707	news
1090	「項圈系列」由3百多條遭到遺棄貓狗的項圈組成，在被安樂死後，這些項圈成了牠們存在這世上的唯一證明。	3.250	3.000	0.829	0.0	news
1149	兒童職能治療師張旭鎧說，要教導孩子有禮貌的家長，第一步應該反問自己：「我對孩子有禮貌嗎？」所謂身教重於言教，孩子會依循爸媽的模樣去學習待人處事的禮貌，所以爸媽更不能忽視自己的責任，必須提供孩子良好的示範。	6.444	4.857	0.831	1.245	news
292	PS相信沒有任何一家車廠敢保證自家的車子出廠都沒問題。	5.000	4.857	0.0	0.99	car
2825	沒有了車水馬龍的吵雜，烏煙瘴氣的汽油煙，這5家隱身在臺灣的森林系咖啡廳，不僅餐點兼具視覺與味蕾的衝擊，綠叢環繞幽靜舒適的環境氛圍，讓人彷彿置身小清邁！	6.000	2.875	0.0	1.053	news
39	奇怪的是它的評級卻高高在上，我甚至懷疑自己的閱讀水準，或者孩子喜歡？說實話，我家孩子只喜歡那個“小黑貓”的形象，知道了害怕“大怪獸”。	4.125	5.667	0.599	0.816	book
2968	對此，鄭剛今日在個人微博號@哈羅航行連續發微博指責周美毅，稱自己和她認識的短短幾個月就被她下圈套、設計和陷害。	3.167	5.333	0.687	1.374	news
1753	挑選黑格領導五角大廈，是歐巴馬對伊朗政策軟化的第一步。	5.125	4.571	0.331	1.05	political
1569	這項限制在二○一一年利比亞爆發反政府革命後改變了，利比亞獨裁者格達費的垮臺，讓他用售油所得買入的大批武器落入各方勢力手中，這些武器開始從利比亞邊界湧入。	3.778	5.333	0.916	0.471	political
2793	現場是寶馬山道一號寶馬山花園豪宅，淩晨零時許，一名48歲姓陳男子與51歲姓謝妻子，疑因瑣事發生爭吵，期間有人動粗毆打妻子，爭執聲驚動鄰居報警。	2.714	6.000	0.452	1.5	news
1820	民主反對就要用民主來反對怎麼會用暴力來反對這樣跟你反對的人有什麼差別?	3.000	7.000	0.707	0.707	political
413	MATRIX真的是一部好車，2004年我還在美國念書時，這車剛推出，我就二話不說，把我的beetle3年租約到了，換成黑色的MATRIX....這車的好處是便宜又大碗，非常適合美國的路況，又省油，又能載東西，外型也好...真是居家旅遊必備好車呀....最記得有一次紐約下大風雪，回叔叔家時要經過一段高底起伏很大的公園路，只有大車，還有MATRIX4輪驅動，通行無阻一路平安到達，所以下在大的雪他都保護我.....到現在我回國後，還是想著我的MATRIX....	6.778	5.556	0.786	1.257	car
500	京一才是帝王隊的王牌，都不用他出場了，我看不出中裡毅是因為技不如人才輸了那場，看起來像是車子性能遠不如對手...意思是EVO4比GTRR32強?	5.000	5.875	0.0	0.599	car
1934	經濟部表示，尊重監委意見，並重新檢討。	5.400	4.250	1.114	1.09	political
798	有生以來入住過的最恐怖的酒店之一，可以跟印尼雅加達郊外的酒店媲美（笑）！	3.250	5.500	0.661	1.0	hotel
2891	又聯想到之前和朋友帶孩子們去景山公園，說起明朝皇帝吊死在歪脖樹的歷史，問孩子知道是誰打來了皇帝要自殺嗎，小孩脫口而出是日本鬼子。	4.000	4.625	0.667	1.111	news
1599	最關切的議題，不外乎是景氣與就業，也就是對飯碗與生活的憂慮，與此密不可分的正是物價之波動。	5.500	3.714	0.5	1.161	political
302	臭酸的話題....東想西想，勉強掰出一些東西來阻礙。	3.286	4.167	0.881	0.898	car
2538	但他們的日常並不像TVB電視劇和港產片裡那樣傳奇，他們鮮有經手撲朔迷離的刑事案件，多是商業調查和家庭糾紛，後者包括調查子女吸毒援交、配偶婚外情等。	4.667	3.857	0.745	1.457	news
1995	難道消滅國民黨真的高於一切?	3.778	5.000	1.03	1.155	political
117	小朋友可以在裁剪的過程中，鍛鍊到腦的操控能力，在粘貼的過程，訓練自己的堅持性，當恐龍立體展現時，除了知道了有關它們的知識和名字外，最主要是收穫了一份自信和成就感！	6.556	5.857	0.497	1.245	book
283	如果你是自己帶寶寶就會覺得有信心處理好，在你看來意想不到，但對於寶寶來說卻是非常自然的生理情況。	4.875	4.500	0.927	1.225	book
2301	珍珠奶茶和其他珍珠飲料近年在日本掀起熱潮，然而與臺灣不同的是日本人現在依然無法帶著平常心看待珍珠茶飲，甚至覺得大人喝起來很羞恥？	4.375	4.889	0.484	1.37	news
2200	按照官方說法，最終的成品計劃是在2020年推出，所以在那之前還有很多時間去完善，聯想也因此沒有在現階段公佈太多的規格細節。	5.000	2.000	0.0	1.155	news
2765	在GoogleI/O2019，除了針對消費者的功能改進和開發者的工具革新，Google將重點放在如何用AI解決人類面臨的棘手難題。	5.625	3.750	0.696	1.92	news
2329	按照Yonhap的說法，確保產品可靠性需要的時間比三星原先預想的更久，而且行動網路使用方面的許可也要重新花精力去弄。	4.125	3.444	0.781	1.257	news
2494	川普迄今都堅決表示，他是公平正直地贏得2016年總統大選，淡化美國情報機構所稱、俄國介入大選以對他提供助力。	5.111	2.889	0.737	1.286	news
2098	據外媒報道，一項新研究警告稱，如果允許氣候變化以目前的速度繼續下去，到2100年海平面可能會上升6.5英尺。	3.000	4.500	0.0	1.936	news
719	房間較大，住的滿舒服的。	6.556	4.857	0.497	1.245	hotel
388	當然只能靠私下的交情多交些汽修科的朋友只有好處不會有壞處啦汽修科在汽車版上應該要得到相當程度的尊重才對哪天臺灣尊重高職畢業的技術人員可以像尊重大學裡的博士一樣那我們的工業水準就可以跟歐美媲美了	6.286	6.167	0.452	0.687	car
272	並不後悔當初的選擇。	5.500	3.857	0.5	0.833	book
1214	「LINE免費貼圖」的Facebook臉書)粉絲團，利用哆啦A夢、櫻桃小丸子等可愛貼圖吸引網友，宣稱只要對粉絲團按贊、轉貼，並留下個人LINE帳號，該貼圖就可以免費寄到帳號中，兩天內便吸引逾十萬名網友轉載、留言，LINE官方緊急透過臉書澄清，呼籲網友別再受騙。	4.778	4.143	1.474	1.125	news
2147	你不懂自己的不安全感為何這麼強，強到你總是需要用分手或傷害自己的方式考驗對方，或者大哭、或者冷戰，去要對方聽從順服。	3.375	4.111	0.484	1.792	news
2408	回捐、低薪、高壓、人力缺口成為社工的日常，而社工的工作正是為了協助服務使用者能夠脫離惡性迴圈，但在臺灣，社工卻正集體成為案主之中。	4.143	4.333	0.833	1.491	news
1272	全球最大行動通訊展MWC主辦單位GSM協會昨日公佈全球移動獎入圍名單，宏達電以蝴蝶機/DroidDNA入圍最佳智慧型手機獎，是連續第4年入圍此一獎項，而華碩不僅首度以變形平板TransformerInfinity入圍最佳平板電腦獎，由華碩一手打造的GoogleNexus7也一同入圍。	6.111	4.500	0.737	1.225	news
448	油耗的問題有點老生常談，管好黃金右腳，胎壓要足我是36PSI)，機油不要太濃或過量。	5.000	4.250	0.943	0.968	car
1392	那沉重的心情，我相信很多家長也都曾感受。	3.111	4.000	0.737	1.118	news
1902	你也不想好好解釋清楚，學生衝行政院了，跟警方衝突，一堆人受了傷，結果你們也只丟下依法行政，不理不睬的態度著實讓人心寒，只能說，這次事件，傷害最大的還是你們九點二集團啊，想搞威權復辟，不尊重人民，搞到沒人替你們講話	2.875	6.444	0.599	1.066	political
218	因為目前客戶不多，所以能遇到的真的很少，誠如我所說的，這就是為什麼會多了七個朋友！	5.000	4.857	0.667	0.99	book
865	幫朋友買的，1價錢便宜，2，樣子也挺漂亮，儘管是14寸的，但設計的樣子很精緻，挺輕薄的	6.000	5.143	0.707	1.125	laptop
1879	同意的朋友請來留言報到一下。	5.222	3.875	0.416	0.927	political
2779	SengokuGaming表示，在Blank與PoohManDu相繼加入後，他們將以優勝為目標，持續不斷努力，希望玩家給予他們支援。	6.000	4.857	0.756	1.641	news
858	鍵盤手感相當好，筆記本上方的攝像頭也很食用。	6.143	4.000	0.639	1.5	laptop
781	正值奧運期間，登記手續比較繁鎖，我們正在研究工作細節，儘量簡化登記手續，期待您再次光臨，並對我們的工作提出寶貴建議！	5.250	4.286	0.661	0.7	hotel
2399	內部結構以方形為主，四方出入口則為圓拱造型，白色天花板搭配水泥色牆面及地板，簡單純淨的色調呼應戶外的自然風光，散發舒適祥和的氛圍。	5.500	2.167	0.5	1.213	news
1553	印尼東雅加達一名11歲女童日前疑似遭到師長與同學性侵，經送醫後不治身亡，加上接連傳出少女遭強姦的案件，引發印尼民間團體呼籲對強暴犯判處死刑的聲浪。	2.625	7.000	0.484	0.866	news
2607	儘管民進黨的繼續執政有一定的助益，但是若沒有提出最優的解決策略，就無法觸動並根本解決滋擾臺灣政治23年的種種難題。	4.000	3.875	0.816	1.053	news
1580	梵蒂岡對中國最主要的不滿，是境內天主教徒的宗教自由受到壓制。	3.000	5.375	0.0	0.696	political
588	是我在北戴河附近住過的的比較舒適的飯店，是凱萊管理的，從服務到設施都比較正規。	6.429	5.000	0.495	0.866	hotel
2788	但是我絲毫沒有從中感受到悲傷的氣息，如果男孩知道身邊的油膩大叔不但沒有同情心，反而還羨慕他，可能他心情會好一點吧。	5.000	3.286	0.756	1.829	news
1552	印尼一名最高法院法官候選人拿強姦受害人開玩笑，受到廣泛譴責，可能丟掉法官職務。	3.111	6.143	0.737	0.639	news
2193	由於我們的產品比較大，在軟體啟動的時候會消耗比較長的時間，原生的進度條已經不能滿足我們的需求，這裡我們就需要一個會動的進度條，效果如下圖所示。	4.778	2.444	0.416	1.641	news
1502	有韓國網友質疑，TPA能將此戰術做到盡乎「完美」的境界，是否有人在臺下通風報信？不然實在很難相信TPA每個人都有超強的第6感，可以完全掌握對手的動向，而且每一場比賽幾乎都如此。	4.778	5.500	1.474	1.225	news
688	總的來說：失望！	2.889	6.444	0.737	1.257	hotel
504	每天發類似的抱怨...不累嗎?	3.333	5.125	0.667	1.053	car
256	我也是，一直希望自己的力量增大，希望戰鬥中下出手筋獲得優勢，乃至勝利。	6.750	5.429	0.661	0.728	book
802	和老婆一起在揚州度了三天的蜜月，在酒店住了三天，感覺很不錯，是目前我們住過的最好的三星級酒店了。	7.250	6.286	0.661	0.7	hotel
814	房間非常糟糕，零亂不堪，瀰漫一陣腐黴氣味，傢俱極其陳舊，地毯髒臭，冷熱水不能調，龍頭漏水，燈罩不翼而飛	2.100	5.750	0.831	1.561	hotel
524	自己的神主牌被說到缺點，就一定得如此酸嗎？成熟點吧！	2.556	6.667	0.831	1.054	car
2320	如同近期亞馬遜員工稱公司因為怕機器人冷而拒絕在高溫情況下開空調，面對類似的問題，我們該怎麼處理人類和機器之間的關係？	4.714	3.889	0.452	2.131	news
674	酒店員工將一如既往，不斷努力，服務好每一位客人，提升服務品質，爭取更多的賓客滿意率！	7.556	4.714	1.257	1.278	hotel
1963	「稀世的偉人」，絕對服從、效忠，其意圖不外乎是提高對金正恩的忠誠度。	5.222	4.667	0.786	1.054	political
1897	挨一頓打，外加言語羞辱，說你不愛國啦，沒有國家你連受教資格都沒有之類的話，搞得老師，校方一個個嫌貧愛富	3.250	5.375	0.433	1.218	political
1285	從事動物保護工作的志工做的更好。	6.333	4.750	0.816	1.199	news
1389	今年庇護工場年節特賣產品包括喜憨兒的甜蜜蜜禮盒、慈泰的喜福堅果禮盒、集賢的喜福花漾禮盒、久大的LED節能燈管、愛盲的歡喜皁禮盒等，內容包羅萬象。	6.571	4.167	0.495	0.898	news
1464	前天發生的新埔林家大火，在場消防員束手無策，導致受困的62歲林榮茂等不到救援，在妻子眼前活活被燒成焦屍，宛如八掌溪翻版，無能政府又添一筆；更令人震驚的是，死者的長子案發後失蹤，昨被逮後才承認縱火，理由竟是氣父母未依承諾幫他存錢。	3.429	5.375	0.904	1.798	news
1828	在野黨沒有實權，只能打打嘴砲好吧，我體諒但恥笑在野黨的無能阿完全行政完全負責的最大黨	2.875	5.500	0.599	1.414	political
2685	警員到調查，初步相信賊人由後巷爬入天井，撬毀店門入內搜掠，經負責人點算後，損失一批約值5萬元運動鞋及cap帽，逃走時疑匆忙間天井鐵閘遺下兩盒波鞋。	4.000	3.778	0.0	0.786	news
1349	網友AndyCho表示，大家都是愛狗之人，我也是不懂每個品種小狗的身體構造或容易以發的疾病，也是看的相關新聞報導才瞭解狗疾病跟一些知識，包子的主人絕對不會是像大家所說的虐狗的人；網友ChiyouSun，希望大家可以先把重點放在，讓包子早點康復的這一點上面...包子的把拔馬麻都是很善良的人。	5.429	4.556	0.495	1.423	news
1985	所以就情感以及理性面來講，偽FACE狗良養團體真的沒有存在的價值。	3.700	5.833	1.187	1.067	political
1635	法國則一方面容許公務員追求和位居選舉性公職而不失去原有公務員地位；另一方面透過「保留義務」，對於公務員施以兼具法律和道德的壓力，使其在表達意見時，必須慎重、節制、均衡，不致流於過度。	5.222	4.000	0.416	0.926	political
1624	他說對照「臺北車站拉紅龍事件」以及桃園社區拒絕外勞宿舍進駐，難道臺灣人心本惡，其實都是政府政策所導致。	3.556	5.286	0.685	0.881	political
2229	一個有缺陷的Windows更新或許會令人煩惱，但還不足以引起人們的恐慌，但是如果是數百名被警方監控的嫌犯或者有前科的罪犯突然失控呢？	3.889	5.375	0.737	1.495	news
2811	李尋歡家出過七個進士、三個探花，家大業大，但他把整個家產都留給了龍嘯雲和林詩音，他在江湖上的花銷很多時候是靠朋友接濟。	5.000	4.333	0.632	0.943	news
2736	馬來西亞一名少女在社群網站IG貼文問網友，她該死還是該活著，隨後她遵照多數網友所說該死的回應，跳樓自盡，掀起呼籲調查原委的聲浪。	1.750	6.000	0.661	1.414	news
718	進入房間後非常舒服。	6.625	4.200	0.484	0.748	hotel
2297	目前，全球主要國家均在搶佔5G商用部署，爭奪新一輪產業鏈的高地，國家間的激烈競爭，可不會只為了一個噱頭。	5.167	6.333	0.373	1.886	news
2242	彭博社的一篇新文章強調了一些客戶和員工對蘋果零售業務狀況的挫敗感，特別是在前零售業巨頭安吉拉·阿倫茨引入變革之後。	4.000	4.222	0.0	0.786	news
311	小弟比較貪心，對於安全性配備，是永遠嫌不夠的！	4.778	5.778	0.629	0.629	car
1034	此打了十二年官司向清潔員追討，行政訴訟環保局已敗訴定讞，環保局轉而打民事訴訟，要求十八人返還不當得利共一百九十一萬元，臺北地院宣判環保局又敗訴；仍可上訴。	4.889	4.833	0.737	0.373	news
2104	無論在生活中或是職場上手推車都是不可缺少的，這裡很聰明的把電動平衡車加上傳統手推車，這下子人、車和貨一起送，真是簡潔的搬運方式。	6.500	3.500	0.5	1.384	news
2813	林志弘說，李姓員警為強制扣薪人員，因債務問題今年4月12日就將他調回分局擔任內勤，他的欠債情形家屬也都知道，是否因債務問題不堪負荷導致離家未歸，仍有待釐清。	3.167	3.714	0.373	0.881	news
737	想，不要推薦這樣服務死板的酒店，本人今後決不入住該酒店。	2.300	5.167	0.9	0.898	hotel
822	一如既往的支持，不錯的酒店，服務上再上去一點就好了。	6.556	3.889	0.497	0.737	hotel
421	但是人家國外安全氣囊都9到10顆了，和泰如果真的最多只有4顆，那我真的會很鄙視決定把氣囊拿掉的和泰高層。	3.125	6.375	0.781	1.317	car
1770	於是開始杞人憂天走上街頭開始抗爭以為這樣就能掩飾心裡的不安.	3.667	5.857	0.816	1.125	political
2844	今年歐洲歌唱大賽在以色列舉行，當地電視臺轉播準決賽時，駭客成功插播假的火箭攻擊警報畫面，負責轉播的單位把這起事件歸咎於好戰組織哈瑪斯所為。	3.400	4.833	0.49	0.687	news
1835	聽完黨團幹部的說明，馬表示，不論哪種獎金，「都要與改革結合在一起，更是改革的一部分！	5.444	5.250	0.497	0.829	political
928	在下載應用程式時，應仔細閱覽並完全瞭解你所作出的許可聲明。	5.125	2.857	0.331	0.639	laptop
1459	馬文君說，蛇的樣子真的不討喜，在臺灣習俗中也不太好，除了「白蛇傳」外，都不是什麼好印象，雖然有些害怕，但畢竟自己屬蛇，還是要找理由「不排斥」這種動物。	4.250	3.667	0.968	0.943	news
1915	他說：「我也很想瞭解祖父，但甚至不清楚他是否知道我的存在。	4.000	4.000	0.775	0.926	political
1729	隨後，習近平也覆電，期盼兩黨把握歷史機遇，深化互信，共創中華民族美好未來。	6.222	4.857	0.786	1.245	political
1875	蘇貞昌指出，馬政府讓年輕學子惶惶不安、國家沒有希望，自己不覺得難過嗎？過去一年來大家都過得不好，物價一直上漲，年輕人不敢結婚、生子，微薄薪水買不到幾瓶奶粉；馬英九是「好命子」，跟人民完全脫節，不知道什麼是飢餓。	3.222	4.889	0.416	0.737	political
2767	宣告說，民主派議員今天別無選擇，當他們進行合法合憲會議時，建制派議員進入並企圖選舉主席，民主派議員惟有用盡各種合理的抗爭手法盡力阻擋。	4.000	5.833	0.926	1.067	news
1490	「臺北暗殺星」迎戰「新加坡先鋒」的前兩場比賽都獲得勝利，全場一片歡呼，當冠軍獎盃將要落袋之際，怎知第三場被對手以精準選角取得優勢，「臺北暗殺星」受挫敗陣。	3.375	5.000	0.484	0.756	news
2020	在4G標準中，歐美掌握了產品製造不可或缺的標準必要專利，在作為新一代產業的基礎設施備受關注的5G中，中國正在增加存在感。	5.500	6.000	0.764	0.894	news
1361	最高法院今天召開男子陳昱安殺父案言詞辯論庭，檢察官轉述陳母意見表示，若不判陳男死刑，他出獄後會造成家族血流成河。	2.111	6.250	0.875	0.661	news
112	我已經買了幾本分送給幾位朋友，頗受好評。	6.375	4.250	0.484	0.968	book
1428	Gmail免費信箱也一舉擠下Yahoo!Mail及微軟Hotmail，逼得Yahoo!及微軟跟進，提升信箱容量、改進垃圾郵件過濾，但似乎已經難以挽回消費者的心。	3.444	5.000	0.831	1.155	news
1614	美國人也並非沒有意識到中國保衛領土完整的決心，事實上，此次美國航母進入釣魚臺附近海域除了震懾中國外	4.778	5.667	0.629	0.943	political
1286	「最後一戰」自2001年發行至今已邁入第11年	5.700	4.800	0.9	0.98	news
1368	警方指出，兇嫌目前仍行蹤不明，正積極追緝中，並透過管道策動兇嫌出面投案，不要一錯再錯。	4.125	3.833	0.927	1.344	news
1356	車行老闆躲樓梯間附近機車行吳姓老闆目睹周某砍人行徑，嚇得躲到隔壁大樓樓梯間，他說「在這裏開店30年，從沒看過這種事。	2.250	6.000	1.09	1.491	news
1103	他感謝大家幫忙，不吝伸出援手，幫他加油打氣，讓他有活下去的力量，勸人毒品千萬碰不得，纔不會害人害己，他就是活生生的例子。	6.111	4.333	0.567	1.106	news
654	打電話到酒店，總臺和服務員分別肯定地告訴我沒看見，哎，只好自認倒黴嘍。	3.444	5.000	0.831	1.0	hotel
1379	埃及開羅法院26日判處21名涉及塞得港奪命球場騷亂的球迷死刑，引起極大迴響，讓死亡球迷的家屬感激落淚，但被判死刑被告的家屬及支持者則爆發暴動，造成最少32人死亡，約300人受傷。	2.875	4.857	0.599	1.457	news
2426	曾經過於在意他人眼光的自己，在時間的淬鍊下，成為一個懂得如何舒適做自己、但同樣保有善良、溫柔、知性的女人。	6.625	4.125	0.696	1.691	news
1168	外傳三千萬獎金須與贊助公司對分ＴＰＡ臺北暗殺星隊員平均年齡二十一歲，目前大多數是大學在學學生，Lilballz宋寬柏是美國回來的，TOYZ劉偉健則是香港人，除MiSTakE唸的是數媒，各人所念領域未必與電玩相關，甚至有人是暫時休學、專心參賽。	5.429	4.571	0.904	1.4	news
25	看完這本書，確實對我幫助很大，可以客觀、理智地分析問題。	6.625	4.500	0.484	1.323	book
98	時間，可以消耗愛情，愛情是經得起歲月蹉跎的，經不起的，那不叫愛”忽然間，明白了什麼有了愛情，其實，再孤獨，也算不上真正的孤獨如果在愛中，依然孤獨，那你就需要考慮一下，這，是不是真的愛了!	3.750	4.000	1.199	1.069	book
2516	而具體到個人，在這一年裡，則必須開始反思如何面對職場、工作，甚至是終極拷問，你要到底要做什麼，成為一個什麼樣的人。	5.375	3.125	0.992	1.364	news
1479	奧運等級的國際競賽，希望政府相關單位能協助發展，幫助臺灣電競產業與國際接軌。	5.778	5.000	0.786	1.309	news
2083	但在商業化策略的實際推進過程中，一刀切的運作方式和平臺的過於強勢，還是讓這些價值探索的行為，莫名帶上了一絲收割意味。	4.000	4.000	0.0	2.0	news
2174	五月繳稅季，本篇將為各位解釋為什麼我們老愛拖到最後一刻才繳稅、為何不愛繳以及收到退稅的各種心理感受，一起來看看吧！	5.125	3.111	0.331	1.969	news
777	酒店太偏已在郊外，出來打車不太方便，住宿客人太少，感覺上冷冷清清的，可是預定的時候還需要提供信用卡擔保，說是房間緊張，其實可能是怕客人跑掉吧。	3.625	4.857	0.696	1.245	hotel
837	太短，打了服務電話不到兩分鐘一位帥哥拿了一條超長的。	5.222	5.143	0.629	0.639	hotel
576	出門左轉50米就是地鐵站，東四十條上打個車也方便，地段不錯。	6.556	4.571	0.497	1.178	hotel
621	滿意，在煙臺住過幾家酒店，這裏的服務最好提前聯繫酒店希望他們能到機場接我，總檯小姐一口答應，我晚上8點多到煙臺	6.111	5.333	0.875	0.745	hotel
2832	英國脫歐歹戲拖棚近3年，脫歐時程遙遙無期，首相梅伊昨天不敵龐大逼退壓力，淚眼汪汪宣佈將在6月7日辭去執政黨保守黨黨魁。	3.556	5.375	0.497	1.218	news
1570	二○一二年，遊牧民族圖阿雷格族人希望可以在馬利北部建立自己的家園，但此目標很快遭到開打與其他極端組織挾持，控制了馬利北部。	3.875	4.800	0.781	0.4	political
1381	開羅法院本月26日公佈判處結果時，讓被害者家屬十分欣慰，覺得正義受到伸張。	6.125	5.000	0.599	1.309	news
2749	賴峰偉表示，澎湖孩子陸續在全國競技賽事中大放異彩、頭角崢嶸，他期望老師、教練持續經驗傳承，激發潛能，培養學生積極進取態度，展現三點水堅毅的精神。	6.625	5.000	0.696	1.323	news
1030	TPA的好表現，也讓更多人知道了「電競」，網友柯政廷就指，看世界級的電競，就跟看奧運的心情是一樣的	5.889	5.375	0.737	0.484	news
135	作出選擇就是結束，如果後悔，就很糟糕。	4.000	4.000	0.667	0.816	book
458	幾年前剛遷新車不久，在南二高關廟路段，也因為壓到不明的東西，左後輪爆胎，還好當時沒有急剎，也有抓穩方向盤，慢慢滑行到路肩，有驚無險，不然時速110翻車可不是好玩的。	4.333	5.286	0.471	0.7	car
2795	知名作家苦苓日前上政論節目，指控網紅館長因為收了錢才表態支援韓國瑜，館長直播時則是怒罵苦苓侮辱自己的人格，最後落淚，更揚言提告。	3.000	6.714	0.632	1.578	news
1589	臺聯立委許忠信會後受訪表示，績效獎金大砍一.四個月後，以國營事業員工平均薪資約七萬元計算，每位員工將少領約十萬元年終獎金，立法院已適度展現改革誠意。	4.667	4.875	1.491	0.927	political
1654	包括民進黨在內，更想幫助馬總統與國家，希望馬英九趕快召開「國是會議」，解決國家危機，挽回自己的形象。	5.111	5.556	0.875	1.066	political
2195	不幸的是，這些好處對於環境來說也是一個可怕的訊息，因為儘管有大量回收工作和公眾活動在進行，塑膠垃圾仍在繼續堆積。	3.250	4.500	0.661	1.746	news
2437	除撒哈拉以南非洲、南亞和其他地區的少數國家外，大多數地區農村的飢餓、消瘦和發育遲緩正迅速被超重和肥胖取代。	3.000	4.556	0.667	1.257	news
1126	可見，父母對孩子的態度和話語，對孩子的影響有多大！	5.222	5.857	0.916	0.639	news
2621	美國聯邦地區法官露西·科前日宣判，美國晶片廠商高通違反反壟斷法，透過威脅停止供應、超抽授權費用等手段，非法抵制手機晶片市場的競爭。	3.167	4.857	0.687	0.99	news
37	我同時買了此書和《兔子湯姆》，這書實在是讀不下去，當然它的紙張和印刷是無可挑剔的。	4.875	4.625	0.781	1.317	book
608	酒店服務不太好，咖啡廳的餐飲非常茶品種少，樣式老，酒店隔音效果非常不好.	3.000	6.286	0.0	0.881	hotel
2737	加拿大國家網路安全中心警告，微軟SharePointServer的一項可讓駭客執行任意程式碼的漏洞，目前正有惡意程式開採發動攻擊。	3.222	5.556	0.629	1.499	news
1290	因此在得知4上市消息時，就決定要來搶購，尤其士官長及Cortana都將現身，更是要來見一面。	5.889	5.333	0.737	0.745	news
1760	伊朗歡迎黑格的態度，也和對美國前兩位防長的任命大相徑庭。	5.125	4.000	0.331	0.943	political
1424	HTC今（11）日以重大訊息方式公告與Apple達成專利訴訟的全球和解協議，雙方甚至還協議了一紙長達10年的專利授權協議。	5.000	4.500	0.0	0.707	news
2837	勞動節的芬蘭文是VAPPU，從三四月開始就一直聽到學生在討論VAPPU，非常納悶勞動節跟學生有什麼關係？	4.833	4.833	0.373	1.067	news
1148	一不小心，撞上了一位男子，這位男子便生氣的大罵：「是誰家的小孩，這麼沒禮貌…」但小豪依然我行我素，身旁的父母也視若無睹，這樣的場景，免不了讓人覺得無奈。	3.857	5.625	0.35	1.111	news
2041	華為據報已即時失去獲得Android更新的資格，不過更嚴重的是以後推出的華為手機將不能使用Google服務，包括PlayStore、Gmail等等。	2.889	4.875	0.994	1.053	news
1579	中國天主教愛國會的主教指派只聽從北京，這些任命案也遭到梵蒂岡抗議與否認。	3.375	5.857	0.696	0.639	political
1152	孩子表現好本來就是理所當然，不需要特別讚賞，但孩子是需要適時被鼓勵的，父母會發現，當你適時地稱讚孩子，孩子的表現會更好！	5.778	4.857	0.916	0.833	news
2405	該項研究專門研究了低脂肪飲食，除了發現潛在的健康益處外，研究人員還發現低脂肪飲食結構不存在負面影響--能夠大幅降低因患乳腺癌而死亡的風險。	6.556	5.125	0.497	1.166	news
2446	即使我們承認胚胎是一個人，這也不表示女性就不能墮胎，因為女性對自已的身體有自主權，而這個自主權，並不會因為我們承認胚胎是一個人，就可以剝奪走的。	5.375	4.857	0.992	0.639	news
697	我們會努力改正您提出的意見，加強員工的教育，真誠希望您的再次光臨！	6.429	5.714	0.495	0.7	hotel
369	說實在的這一代的camryG款比我的03年的還差缺乏TRC與VSC主動安全配備就不說了而這些03年的都有我不滿意換掉的1.	3.125	3.667	0.599	1.106	car
1297	「臺北暗殺星」先於月初的八強賽中擊敗「NajinSword」晉級，繼而在昨天準決賽中遇上冠軍大熱門Moscow5；陳匯中說，Moscow5可能是壓力大又太過輕敵，所以「臺北暗殺星」在不被大家看好情況下，放手一搏，終於打了一場勝仗。	6.875	5.667	0.927	0.943	news
1155	轉播比賽的大螢幕設計位置，還刻意裝在參賽選手後方，要轉頭掌握對手行蹤很困難，此外，參賽隊伍後方，不時可以看見裁判來回走動監督，隊伍要靠作弊奪冠，幾乎是不可能，韓國玩家的作弊言論，有網友覺得好笑，也有其他韓國網友不支持。	4.500	4.625	1.204	1.317	news
656	連最起碼的兩瓶免費礦泉水都不給提供。	3.000	6.000	0.894	0.816	hotel
1036	這十八名清潔隊員都是聘僱人員，支領獎金因考覈、請假狀況而不同，其中有八人領滿兩年的全額獎金共十四萬四千元，只有一人低於八萬；經過十幾年的爭訟，至今已有六人離職。	4.500	4.143	0.5	1.245	news
2845	在多項金融資料中，以廣義貨幣供應量表現較好，4月按年增加8.5%，符預期，比去年同期高0.2個百分點，反映流動性充裕。	6.375	3.875	0.484	1.452	news
1651	謝長廷受訪指出，當年他與馬英九競選總統時，美國正經歷次級房貸問題，因此他提出「幸福經濟」。	5.375	4.429	0.484	1.4	political
1974	王金平也說，行政院將在二月底前擬具績效獎金的覈算辦法送立法院備查，立法院屆時再來「深入探討」。	5.333	3.714	0.471	0.7	political
1527	最後，當孩子重複犯錯時，要運用「情緒凝結」技巧：也就是轉身不理他，讓他感受到你是真的生氣了。	5.000	5.000	0.0	0.707	news
2120	繼日前報道十月更新需要安裝兩遍才能正確安裝之後，今天微軟再次承認面向所有Windows10系統釋出的5月累積更新中存在一些問題。	4.000	3.875	0.471	1.269	news
2004	5月4日，優速物流有限公司釋出訃告稱，該公司董事長兼總裁餘聯兵因發生意外，於北京時間2019年5月2日12時許，不幸離世，享年47歲。	3.286	3.875	0.7	1.691	news
1066	長榮航空自成立以來一直保持零失事件數及罹難人數之優良飛安紀錄，但因飛航時間僅二十一年，與其他航空公司以些微的差距名列第六。	5.333	4.167	0.667	0.898	news
449	這次終於安全配備大升級，頂級兩顆變四顆，那些老是看不懂的英文縮寫，至少還有保留ABS.	5.750	4.000	0.661	1.581	car
609	第一天住的房間隔壁人說話好象就在房間中，換房後在走廊上的說話聽的非常清楚.	3.556	4.000	0.685	0.926	hotel
1357	另外高雄市鳳山區開出大樂透＋威力彩次數則最多，其中百合彩券行與快樂行都曾開過兩次頭獎，不過，「快樂行」因經銷商死亡，店已註銷。	3.778	4.000	0.916	1.155	news
2067	值友4771737136嬰兒洗髮、沐浴二合一，安全方便，無皁質、無酒精、無淚配方，安心溫和，讓寶寶洗後更能清爽不油膩。	6.143	3.429	0.833	1.678	news
982	小巧便攜是我選擇的最大因素，其次品牌機還是令人比較放心的，一邊拆包裝一邊就能感受到。	6.556	5.875	0.497	0.927	laptop
2657	信義房屋澄清，公司無舉辦任何抽獎活動，粉絲團遭到盜用，提醒消費者勿受騙上當，該假冒粉絲團盜用官方粉絲團大頭貼照片	4.000	4.333	0.756	1.106	news
419	這...這讓我覺得我的家人真是偉大。	6.333	4.833	0.816	1.067	car
1289	清晨5點就到臺北信義威秀搶第一的22歲陳同學表示，玩「最後一戰」已超過8年時間，不僅故事情節非常吸引人，還可以和朋友一起對戰。	6.200	5.125	0.872	1.269	news
1799	偏偏就是馬英九這個被認為親中反日的，日本願意和他解決台日漁權問題。	4.429	5.714	1.05	0.452	political
265	看了拉拉之後，我覺得聰明的女子更讓人心生憐惜。	4.375	4.571	0.992	0.495	book
1384	饒姓婦人回想那一幕仍餘悸猶存，她感謝素不相識的正義妹相助，改天會好好謝謝她。	6.222	6.167	0.629	0.687	news
240	薑士安出身貧苦，但憑藉自己的點滴的努力，取得了事業上的卓越功勳。	6.625	6.000	0.484	0.756	book
727	真心祝願您“七夕”情人節快樂！	6.375	5.750	0.857	0.968	hotel
189	可是並不是每個人都能，所以產生了那麼多壓力和痛苦。	3.750	4.625	0.661	1.576	book
1265	包括「你家寶貝不會亂叫、不會亂做記號、不亂跑」，即使做大小便，也會主動清理好，更不讓牠上桌、亂舔餐具，不害別人吃到毛。	5.111	3.857	0.737	1.125	news
2511	黴菌會讓人生病，最壞的情況甚至會導致死亡眼睛看不到的黴菌之恐怖黴菌不只存在於灰塵中，還會附著在浴室牆壁、天花板，一旦出現，不論如何打掃，都會不斷滋生。	3.125	5.600	0.781	0.49	news
297	一堆豐田的護衛隊真可怕哪天死的是自己跟家人才會開始哭方向燈在行駛中絕對不是小問題足以釀成大事故連基本的安全問題都不注重真的很可怕車主花那麼多時間跑原廠是活該嗎車放在原廠那麼多天要另外花交通費是活該嗎損失誰來陪ˊ不尊重生命安全只會上來沒理由護衛的不過是加速蓋大樓的速度建議樓主一定要找消保官	2.250	6.833	0.829	1.344	car
2111	這段時間，不少廠商都或多或少地暗示了新主機板，微星今天更是進行了公開展示，雖然沒提及X570的名字，但百分之百不是別的。	5.250	2.714	0.433	1.485	news
1200	冠軍消息傳回臺灣，網友在《臉書》和ＰＴＴ（批踢踢）瘋狂貼文狂推ＴＰＡ。	7.000	6.429	0.707	1.178	news
2629	1978年夏末正是卡特就任以來首度的期中選舉逐漸展開的時候，而輔選過程中，民主黨參議員甘迺迪挑戰民主黨總統卡特的態勢已經出現，兩人彼此敵視。	4.429	4.286	0.495	0.881	news
